Node_1_Ortholog_group_ID,Node2_Ortholog_group_ID,Layer,S_typhi_strain_CT18_EIP,S_choleraesuis_SC_B67_EIP,S_dublin_CT_02021853_EIP,S_gallinarum_287/91_EIP,S_paratyphi_A_ATCC_9150_EIP,S_agona_SL483_GIP,S_enteritidis_P125109_GIP,S_heidelberg_SL476_GIP,S_newport_SL254_GIP,S_typhimurium_LT2_GIP,S_typhimurium_SL1344_GIP
0,868,Metabolic,1,1,1,1,1,1,1,1,1,1,1
0,1336,Metabolic,1,1,1,1,1,1,1,1,1,1,1
0,464,Metabolic,1,1,1,1,1,1,1,1,1,1,1
4,1987,Metabolic,1,1,1,1,1,1,1,1,1,1,1
8,1788,Metabolic,1,1,1,1,1,1,1,1,1,1,1
8,3866,Metabolic,1,1,1,1,1,1,1,1,1,1,1
8,1200,Metabolic,1,1,1,1,1,1,1,1,1,1,1
15,1228,Metabolic,1,1,1,1,1,1,1,1,1,1,1
17,1642,Metabolic,1,1,1,1,1,1,1,1,1,1,1
17,561,Metabolic,1,1,1,1,1,1,1,1,1,1,1
17,1686,Metabolic,1,1,1,1,1,1,1,1,1,1,1
20,4117,Metabolic,1,1,1,1,1,1,1,1,1,1,1
20,3186,Metabolic,1,1,1,1,1,1,1,1,1,1,1
22,1760,Metabolic,1,1,1,1,1,1,1,1,1,1,1
22,8,Metabolic,1,1,1,1,1,1,1,1,1,1,1
30,2449,Metabolic,1,1,1,1,1,1,1,1,1,1,1
31,2061,Metabolic,1,1,1,1,1,1,1,1,1,1,1
36,679,Metabolic,1,1,1,1,1,1,1,1,1,1,1
38,3726,Metabolic,1,1,1,1,1,1,1,1,1,1,1
38,2177,Metabolic,1,1,1,1,1,1,1,1,1,1,1
41,2227,Metabolic,1,1,1,1,1,1,1,1,1,1,1
41,38,Metabolic,1,1,1,1,1,1,1,1,1,1,1
41,1982,Metabolic,1,1,1,1,1,1,1,1,1,1,1
51,3420,Metabolic,1,1,1,1,1,1,1,1,1,1,1
51,2449,Metabolic,1,1,1,1,1,1,1,1,1,1,1
65,1321,Metabolic,1,1,1,1,1,1,1,1,1,1,1
65,3138,Metabolic,1,1,1,1,1,1,1,1,1,1,1
65,3872,Metabolic,1,1,1,1,1,1,1,1,1,1,1
68,3188,Metabolic,1,1,1,1,1,1,1,1,1,1,1
68,1016,Metabolic,1,1,1,1,1,1,1,1,1,1,1
70,1820,Metabolic,1,1,1,1,1,1,1,1,1,1,1
70,2617,Metabolic,1,1,1,1,1,1,1,1,1,1,1
70,3311,Metabolic,1,1,1,1,1,1,1,1,1,1,1
70,1712,Metabolic,1,1,1,1,1,1,1,1,1,1,1
72,910,Metabolic,1,1,1,1,1,1,1,1,1,1,1
72,654,Metabolic,1,1,1,1,1,1,1,1,1,1,1
84,3699,Metabolic,1,1,1,1,1,1,1,1,1,1,1
84,884,Metabolic,1,1,1,1,1,1,1,1,1,1,1
86,86,Metabolic,1,1,1,1,1,1,1,1,1,1,1
86,3880,Metabolic,1,1,1,1,1,1,1,1,1,1,1
86,2122,Metabolic,1,1,1,1,1,1,1,1,1,1,1
86,2770,Metabolic,1,1,1,1,1,1,1,1,1,1,1
89,2568,Metabolic,1,1,1,1,1,1,1,1,1,1,1
90,3171,Metabolic,1,1,1,1,1,1,1,1,1,1,1
90,2524,Metabolic,1,1,1,1,1,1,1,1,1,1,1
92,2962,Metabolic,1,1,1,1,1,1,1,1,1,1,1
92,3673,Metabolic,1,1,1,1,1,1,1,1,1,1,1
96,798,Metabolic,1,1,1,1,1,1,1,1,1,1,1
100,2771,Metabolic,1,1,1,1,1,1,1,1,1,1,1
101,1266,Metabolic,1,1,1,1,1,1,1,1,1,1,1
111,2212,Metabolic,1,1,1,1,1,1,1,1,1,1,1
111,3056,Metabolic,1,1,1,1,1,1,1,1,1,1,1
111,561,Metabolic,1,1,1,1,1,1,1,1,1,1,1
111,1686,Metabolic,1,1,1,1,1,1,1,1,1,1,1
121,3615,Metabolic,1,1,1,1,1,1,1,1,1,1,1
121,561,Metabolic,1,1,1,1,1,1,1,1,1,1,1
121,1686,Metabolic,1,1,1,1,1,1,1,1,1,1,1
124,900,Metabolic,1,1,1,1,1,1,1,1,1,1,1
126,3144,Metabolic,1,1,1,1,1,1,1,1,1,1,1
126,376,Metabolic,1,1,1,1,1,1,1,1,1,1,1
126,2222,Metabolic,1,1,1,1,1,1,1,1,1,1,1
126,4039,Metabolic,1,1,1,1,1,1,1,1,1,1,1
138,840,Metabolic,1,1,1,1,1,1,1,1,1,1,1
138,1972,Metabolic,1,1,1,1,1,1,1,1,1,1,1
138,2393,Metabolic,1,1,1,1,1,1,1,1,1,1,1
138,1617,Metabolic,1,1,1,1,1,1,1,1,1,1,1
138,1306,Metabolic,1,1,1,1,1,1,1,1,1,1,1
144,1843,Metabolic,1,1,1,1,1,1,1,1,1,1,1
158,4241,Metabolic,1,1,1,1,1,1,1,1,1,1,1
158,882,Metabolic,1,1,1,1,1,1,1,1,1,1,1
158,1881,Metabolic,1,1,1,1,1,1,1,1,1,1,1
158,2511,Metabolic,1,1,1,1,1,1,1,1,1,1,1
163,3418,Metabolic,1,1,1,1,1,1,1,1,1,1,1
180,714,Metabolic,1,1,1,1,1,1,1,1,1,1,1
185,277,Metabolic,1,1,1,1,1,1,1,1,1,1,1
185,2040,Metabolic,1,1,1,1,1,1,1,1,1,1,1
187,1829,Metabolic,1,1,1,1,1,1,1,1,1,1,1
187,2040,Metabolic,1,1,1,1,1,1,1,1,1,1,1
189,876,Metabolic,1,1,1,1,1,1,1,1,1,1,1
189,389,Metabolic,1,1,1,1,1,1,1,1,1,1,1
189,3308,Metabolic,1,1,1,1,1,1,1,1,1,1,1
205,2432,Metabolic,1,1,1,1,1,1,1,1,1,1,1
205,348,Metabolic,1,1,1,1,1,1,1,1,1,1,1
205,3542,Metabolic,1,1,1,1,1,1,1,1,1,1,1
205,2593,Metabolic,1,1,1,1,1,1,1,1,1,1,1
207,798,Metabolic,1,1,1,1,1,1,1,1,1,1,1
215,72,Metabolic,1,1,1,1,1,1,1,1,1,1,1
216,3418,Metabolic,1,1,1,1,1,1,1,1,1,1,1
216,3015,Metabolic,1,1,1,1,1,1,1,1,1,1,1
216,163,Metabolic,1,1,1,1,1,1,1,1,1,1,1
216,3534,Metabolic,1,1,1,1,1,1,1,1,1,1,1
216,721,Metabolic,1,1,1,1,1,1,1,1,1,1,1
216,3199,Metabolic,1,1,1,1,1,1,1,1,1,1,1
218,3270,Metabolic,1,1,1,1,1,1,1,1,1,1,1
218,2449,Metabolic,1,1,1,1,1,1,1,1,1,1,1
220,705,Metabolic,1,1,1,1,1,1,1,1,1,1,1
220,3368,Metabolic,1,1,1,1,1,1,1,1,1,1,1
220,3433,Metabolic,1,1,1,1,1,1,1,1,1,1,1
220,4050,Metabolic,1,1,1,1,1,1,1,1,1,1,1
225,4417,Metabolic,1,1,1,1,1,1,1,1,1,1,1
225,4304,Metabolic,1,1,1,1,1,1,1,1,1,1,1
231,111,Metabolic,1,1,1,1,1,1,1,1,1,1,1
231,2212,Metabolic,1,1,1,1,1,1,1,1,1,1,1
231,3056,Metabolic,1,1,1,1,1,1,1,1,1,1,1
231,2457,Metabolic,1,1,1,1,1,1,1,1,1,1,1
231,313,Metabolic,1,1,1,1,1,1,1,1,1,1,1
231,561,Metabolic,1,1,1,1,1,1,1,1,1,1,1
231,1686,Metabolic,1,1,1,1,1,1,1,1,1,1,1
231,3243,Metabolic,1,1,1,1,1,1,1,1,1,1,1
234,72,Metabolic,1,1,1,1,1,1,1,1,1,1,1
234,3699,Metabolic,1,1,1,1,1,1,1,1,1,1,1
234,2753,Metabolic,1,1,1,1,1,1,1,1,1,1,1
234,2760,Metabolic,1,1,1,1,1,1,1,1,1,1,1
234,884,Metabolic,1,1,1,1,1,1,1,1,1,1,1
234,219,Metabolic,1,1,1,1,1,1,1,1,1,1,1
240,1788,Metabolic,1,1,1,1,1,1,1,1,1,1,1
240,3171,Metabolic,1,1,1,1,1,1,1,1,1,1,1
240,3866,Metabolic,1,1,1,1,1,1,1,1,1,1,1
240,1197,Metabolic,1,1,1,1,1,1,1,1,1,1,1
240,2524,Metabolic,1,1,1,1,1,1,1,1,1,1,1
240,1200,Metabolic,1,1,1,1,1,1,1,1,1,1,1
240,2794,Metabolic,1,1,1,1,1,1,1,1,1,1,1
240,1938,Metabolic,1,1,1,1,1,1,1,1,1,1,1
242,2449,Metabolic,1,1,1,1,1,1,1,1,1,1,1
243,2137,Metabolic,1,1,1,1,1,1,1,1,1,1,1
243,1445,Metabolic,1,1,1,1,1,1,1,1,1,1,1
248,2641,Metabolic,1,1,1,1,1,1,1,1,1,1,1
248,1845,Metabolic,1,1,1,1,1,1,1,1,1,1,1
248,1641,Metabolic,1,1,1,1,1,1,1,1,1,1,1
251,295,Metabolic,1,1,1,1,1,1,1,1,1,1,1
251,2469,Metabolic,1,1,1,1,1,1,1,1,1,1,1
251,572,Metabolic,1,1,1,1,1,1,1,1,1,1,1
251,439,Metabolic,1,1,1,1,1,1,1,1,1,1,1
251,731,Metabolic,1,1,1,1,1,1,1,1,1,1,1
251,1041,Metabolic,1,1,1,1,1,1,1,1,1,1,1
251,3846,Metabolic,1,1,1,1,1,1,1,1,1,1,1
251,3490,Metabolic,1,1,1,1,1,1,1,1,1,1,1
251,2034,Metabolic,1,1,1,1,1,1,1,1,1,1,1
251,2936,Metabolic,1,1,1,1,1,1,1,1,1,1,1
251,1329,Metabolic,1,1,1,1,1,1,1,1,1,1,1
251,120,Metabolic,1,1,1,1,1,1,1,1,1,1,1
252,2904,Metabolic,1,1,1,1,1,1,1,1,1,1,1
263,861,Metabolic,1,1,1,1,1,1,1,1,1,1,1
263,1454,Metabolic,1,1,1,1,1,1,1,1,1,1,1
263,2114,Metabolic,1,1,1,1,1,1,1,1,1,1,1
263,933,Metabolic,1,1,1,1,1,1,1,1,1,1,1
263,3279,Metabolic,1,1,1,1,1,1,1,1,1,1,1
263,3454,Metabolic,1,1,1,1,1,1,1,1,1,1,1
268,1774,Metabolic,1,1,1,1,1,1,1,1,1,1,1
268,3104,Metabolic,1,1,1,1,1,1,1,1,1,1,1
268,2702,Metabolic,1,1,1,1,1,1,1,1,1,1,1
268,2871,Metabolic,1,1,1,1,1,1,1,1,1,1,1
268,636,Metabolic,1,1,1,1,1,1,1,1,1,1,1
269,237,Metabolic,1,1,1,1,1,1,1,1,1,1,1
271,1642,Metabolic,1,1,1,1,1,1,1,1,1,1,1
271,561,Metabolic,1,1,1,1,1,1,1,1,1,1,1
271,1686,Metabolic,1,1,1,1,1,1,1,1,1,1,1
271,17,Metabolic,1,1,1,1,1,1,1,1,1,1,1
275,1192,Metabolic,1,1,1,1,1,1,1,1,1,1,1
277,1793,Metabolic,1,1,1,1,1,1,1,1,1,1,1
277,3060,Metabolic,1,1,1,1,1,1,1,1,1,1,1
279,2449,Metabolic,1,1,1,1,1,1,1,1,1,1,1
284,3227,Metabolic,1,1,1,1,1,1,1,1,1,1,1
284,3199,Metabolic,1,1,1,1,1,1,1,1,1,1,1
284,138,Metabolic,1,1,1,1,1,1,1,1,1,1,1
288,1849,Metabolic,1,1,1,1,1,1,1,1,1,1,1
291,2646,Metabolic,1,1,1,1,1,1,1,1,1,1,1
291,2693,Metabolic,1,1,1,1,1,1,1,1,1,1,1
291,1770,Metabolic,1,1,1,1,1,1,1,1,1,1,1
293,4151,Metabolic,1,1,1,1,1,1,1,1,1,1,1
293,1209,Metabolic,1,1,1,1,1,1,1,1,1,1,1
293,2946,Metabolic,1,1,1,1,1,1,1,1,1,1,1
295,2469,Metabolic,1,1,1,1,1,1,1,1,1,1,1
295,572,Metabolic,1,1,1,1,1,1,1,1,1,1,1
295,439,Metabolic,1,1,1,1,1,1,1,1,1,1,1
295,731,Metabolic,1,1,1,1,1,1,1,1,1,1,1
295,1041,Metabolic,1,1,1,1,1,1,1,1,1,1,1
295,3846,Metabolic,1,1,1,1,1,1,1,1,1,1,1
295,3490,Metabolic,1,1,1,1,1,1,1,1,1,1,1
295,2034,Metabolic,1,1,1,1,1,1,1,1,1,1,1
295,2936,Metabolic,1,1,1,1,1,1,1,1,1,1,1
295,1329,Metabolic,1,1,1,1,1,1,1,1,1,1,1
295,120,Metabolic,1,1,1,1,1,1,1,1,1,1,1
307,2071,Metabolic,1,1,1,1,1,1,1,1,1,1,1
307,844,Metabolic,1,1,1,1,1,1,1,1,1,1,1
307,3083,Metabolic,1,1,1,1,1,1,1,1,1,1,1
307,3518,Metabolic,1,1,1,1,1,1,1,1,1,1,1
307,2016,Metabolic,1,1,1,1,1,1,1,1,1,1,1
307,1749,Metabolic,1,1,1,1,1,1,1,1,1,1,1
307,1509,Metabolic,1,1,1,1,1,1,1,1,1,1,1
309,2037,Metabolic,1,1,1,1,1,1,1,1,1,1,1
310,1919,Metabolic,1,1,1,1,1,1,1,1,1,1,1
310,427,Metabolic,1,1,1,1,1,1,1,1,1,1,1
310,708,Metabolic,1,1,1,1,1,1,1,1,1,1,1
312,277,Metabolic,1,1,1,1,1,1,1,1,1,1,1
312,1793,Metabolic,1,1,1,1,1,1,1,1,1,1,1
312,3060,Metabolic,1,1,1,1,1,1,1,1,1,1,1
313,2489,Metabolic,1,1,1,1,1,1,1,1,1,1,1
313,561,Metabolic,1,1,1,1,1,1,1,1,1,1,1
313,1686,Metabolic,1,1,1,1,1,1,1,1,1,1,1
313,1728,Metabolic,1,1,1,1,1,1,1,1,1,1,1
313,2322,Metabolic,1,1,1,1,1,1,1,1,1,1,1
313,3800,Metabolic,1,1,1,1,1,1,1,1,1,1,1
313,3390,Metabolic,1,1,1,1,1,1,1,1,1,1,1
320,4111,Metabolic,1,1,1,1,1,1,1,1,1,1,1
330,414,Metabolic,1,1,1,1,1,1,1,1,1,1,1
337,1611,Metabolic,1,1,1,1,1,1,1,1,1,1,1
337,1120,Metabolic,1,1,1,1,1,1,1,1,1,1,1
337,3118,Metabolic,1,1,1,1,1,1,1,1,1,1,1
337,1987,Metabolic,1,1,1,1,1,1,1,1,1,1,1
338,3282,Metabolic,1,1,1,1,1,1,1,1,1,1,1
338,3778,Metabolic,1,1,1,1,1,1,1,1,1,1,1
368,89,Metabolic,1,1,1,1,1,1,1,1,1,1,1
368,616,Metabolic,1,1,1,1,1,1,1,1,1,1,1
368,3468,Metabolic,1,1,1,1,1,1,1,1,1,1,1
373,1235,Metabolic,1,1,1,1,1,1,1,1,1,1,1
374,1646,Metabolic,1,1,1,1,1,1,1,1,1,1,1
374,630,Metabolic,1,1,1,1,1,1,1,1,1,1,1
376,2222,Metabolic,1,1,1,1,1,1,1,1,1,1,1
376,4039,Metabolic,1,1,1,1,1,1,1,1,1,1,1
380,2703,Metabolic,1,1,1,1,1,1,1,1,1,1,1
380,3316,Metabolic,1,1,1,1,1,1,1,1,1,1,1
383,479,Metabolic,1,1,1,1,1,1,1,1,1,1,1
383,3993,Metabolic,1,1,1,1,1,1,1,1,1,1,1
389,1825,Metabolic,1,1,1,1,1,1,1,1,1,1,1
389,876,Metabolic,1,1,1,1,1,1,1,1,1,1,1
389,3308,Metabolic,1,1,1,1,1,1,1,1,1,1,1
403,674,Metabolic,1,1,1,1,1,1,1,1,1,1,1
403,1262,Metabolic,1,1,1,1,1,1,1,1,1,1,1
403,872,Metabolic,1,1,1,1,1,1,1,1,1,1,1
403,1294,Metabolic,1,1,1,1,1,1,1,1,1,1,1
417,3737,Metabolic,1,1,1,1,1,1,1,1,1,1,1
417,4368,Metabolic,1,1,1,1,1,1,1,1,1,1,1
417,2528,Metabolic,1,1,1,1,1,1,1,1,1,1,1
418,1118,Metabolic,1,1,1,1,1,1,1,1,1,1,1
418,735,Metabolic,1,1,1,1,1,1,1,1,1,1,1
419,3737,Metabolic,1,1,1,1,1,1,1,1,1,1,1
419,4368,Metabolic,1,1,1,1,1,1,1,1,1,1,1
419,3142,Metabolic,1,1,1,1,1,1,1,1,1,1,1
419,417,Metabolic,1,1,1,1,1,1,1,1,1,1,1
419,2528,Metabolic,1,1,1,1,1,1,1,1,1,1,1
427,3062,Metabolic,1,1,1,1,1,1,1,1,1,1,1
427,3261,Metabolic,1,1,1,1,1,1,1,1,1,1,1
429,383,Metabolic,1,1,1,1,1,1,1,1,1,1,1
429,2791,Metabolic,1,1,1,1,1,1,1,1,1,1,1
433,2502,Metabolic,1,1,1,1,1,1,1,1,1,1,1
433,1320,Metabolic,1,1,1,1,1,1,1,1,1,1,1
433,1790,Metabolic,1,1,1,1,1,1,1,1,1,1,1
434,2994,Metabolic,1,1,1,1,1,1,1,1,1,1,1
434,873,Metabolic,1,1,1,1,1,1,1,1,1,1,1
434,3087,Metabolic,1,1,1,1,1,1,1,1,1,1,1
438,2873,Metabolic,1,1,1,1,1,1,1,1,1,1,1
438,3028,Metabolic,1,1,1,1,1,1,1,1,1,1,1
438,3183,Metabolic,1,1,1,1,1,1,1,1,1,1,1
439,731,Metabolic,1,1,1,1,1,1,1,1,1,1,1
439,1041,Metabolic,1,1,1,1,1,1,1,1,1,1,1
439,3846,Metabolic,1,1,1,1,1,1,1,1,1,1,1
439,3490,Metabolic,1,1,1,1,1,1,1,1,1,1,1
439,2034,Metabolic,1,1,1,1,1,1,1,1,1,1,1
439,2936,Metabolic,1,1,1,1,1,1,1,1,1,1,1
439,1329,Metabolic,1,1,1,1,1,1,1,1,1,1,1
439,120,Metabolic,1,1,1,1,1,1,1,1,1,1,1
444,2624,Metabolic,1,1,1,1,1,1,1,1,1,1,1
444,1728,Metabolic,1,1,1,1,1,1,1,1,1,1,1
447,762,Metabolic,1,1,1,1,1,1,1,1,1,1,1
447,654,Metabolic,1,1,1,1,1,1,1,1,1,1,1
453,1722,Metabolic,1,1,1,1,1,1,1,1,1,1,1
453,1090,Metabolic,1,1,1,1,1,1,1,1,1,1,1
462,487,Metabolic,1,1,1,1,1,1,1,1,1,1,1
464,1336,Metabolic,1,1,1,1,1,1,1,1,1,1,1
464,318,Metabolic,1,1,1,1,1,1,1,1,1,1,1
473,3534,Metabolic,1,1,1,1,1,1,1,1,1,1,1
473,721,Metabolic,1,1,1,1,1,1,1,1,1,1,1
473,3199,Metabolic,1,1,1,1,1,1,1,1,1,1,1
477,700,Metabolic,1,1,1,1,1,1,1,1,1,1,1
479,914,Metabolic,1,1,1,1,1,1,1,1,1,1,1
479,891,Metabolic,1,1,1,1,1,1,1,1,1,1,1
479,3993,Metabolic,1,1,1,1,1,1,1,1,1,1,1
479,1677,Metabolic,1,1,1,1,1,1,1,1,1,1,1
486,1843,Metabolic,1,1,1,1,1,1,1,1,1,1,1
486,1431,Metabolic,1,1,1,1,1,1,1,1,1,1,1
494,72,Metabolic,1,1,1,1,1,1,1,1,1,1,1
494,910,Metabolic,1,1,1,1,1,1,1,1,1,1,1
494,654,Metabolic,1,1,1,1,1,1,1,1,1,1,1
501,3047,Metabolic,1,1,1,1,1,1,1,1,1,1,1
501,1341,Metabolic,1,1,1,1,1,1,1,1,1,1,1
501,1824,Metabolic,1,1,1,1,1,1,1,1,1,1,1
501,2027,Metabolic,1,1,1,1,1,1,1,1,1,1,1
510,3658,Metabolic,1,1,1,1,1,1,1,1,1,1,1
517,2703,Metabolic,1,1,1,1,1,1,1,1,1,1,1
517,3316,Metabolic,1,1,1,1,1,1,1,1,1,1,1
517,2570,Metabolic,1,1,1,1,1,1,1,1,1,1,1
517,3300,Metabolic,1,1,1,1,1,1,1,1,1,1,1
517,380,Metabolic,1,1,1,1,1,1,1,1,1,1,1
519,1314,Metabolic,1,1,1,1,1,1,1,1,1,1,1
524,570,Metabolic,1,1,1,1,1,1,1,1,1,1,1
526,262,Metabolic,1,1,1,1,1,1,1,1,1,1,1
548,4029,Metabolic,1,1,1,1,1,1,1,1,1,1,1
554,2042,Metabolic,1,1,1,1,1,1,1,1,1,1,1
554,450,Metabolic,1,1,1,1,1,1,1,1,1,1,1
559,811,Metabolic,1,1,1,1,1,1,1,1,1,1,1
561,2489,Metabolic,1,1,1,1,1,1,1,1,1,1,1
561,1686,Metabolic,1,1,1,1,1,1,1,1,1,1,1
561,3308,Metabolic,1,1,1,1,1,1,1,1,1,1,1
561,2181,Metabolic,1,1,1,1,1,1,1,1,1,1,1
561,679,Metabolic,1,1,1,1,1,1,1,1,1,1,1
561,36,Metabolic,1,1,1,1,1,1,1,1,1,1,1
561,255,Metabolic,1,1,1,1,1,1,1,1,1,1,1
561,1894,Metabolic,1,1,1,1,1,1,1,1,1,1,1
561,2898,Metabolic,1,1,1,1,1,1,1,1,1,1,1
563,2471,Metabolic,1,1,1,1,1,1,1,1,1,1,1
564,916,Metabolic,1,1,1,1,1,1,1,1,1,1,1
564,3198,Metabolic,1,1,1,1,1,1,1,1,1,1,1
568,3652,Metabolic,1,1,1,1,1,1,1,1,1,1,1
568,798,Metabolic,1,1,1,1,1,1,1,1,1,1,1
572,439,Metabolic,1,1,1,1,1,1,1,1,1,1,1
572,731,Metabolic,1,1,1,1,1,1,1,1,1,1,1
572,1041,Metabolic,1,1,1,1,1,1,1,1,1,1,1
572,3846,Metabolic,1,1,1,1,1,1,1,1,1,1,1
572,3490,Metabolic,1,1,1,1,1,1,1,1,1,1,1
572,2034,Metabolic,1,1,1,1,1,1,1,1,1,1,1
572,2936,Metabolic,1,1,1,1,1,1,1,1,1,1,1
572,1329,Metabolic,1,1,1,1,1,1,1,1,1,1,1
572,120,Metabolic,1,1,1,1,1,1,1,1,1,1,1
574,1820,Metabolic,1,1,1,1,1,1,1,1,1,1,1
574,70,Metabolic,1,1,1,1,1,1,1,1,1,1,1
574,2617,Metabolic,1,1,1,1,1,1,1,1,1,1,1
574,3311,Metabolic,1,1,1,1,1,1,1,1,1,1,1
574,1712,Metabolic,1,1,1,1,1,1,1,1,1,1,1
588,4103,Metabolic,1,1,1,1,1,1,1,1,1,1,1
590,3509,Metabolic,1,1,1,1,1,1,1,1,1,1,1
590,1374,Metabolic,1,1,1,1,1,1,1,1,1,1,1
593,2538,Metabolic,1,1,1,1,1,1,1,1,1,1,1
601,2939,Metabolic,1,1,1,1,1,1,1,1,1,1,1
602,1226,Metabolic,1,1,1,1,1,1,1,1,1,1,1
602,126,Metabolic,1,1,1,1,1,1,1,1,1,1,1
602,376,Metabolic,1,1,1,1,1,1,1,1,1,1,1
602,2222,Metabolic,1,1,1,1,1,1,1,1,1,1,1
602,4039,Metabolic,1,1,1,1,1,1,1,1,1,1,1
604,2449,Metabolic,1,1,1,1,1,1,1,1,1,1,1
606,2030,Metabolic,1,1,1,1,1,1,1,1,1,1,1
614,2502,Metabolic,1,1,1,1,1,1,1,1,1,1,1
614,3447,Metabolic,1,1,1,1,1,1,1,1,1,1,1
614,1320,Metabolic,1,1,1,1,1,1,1,1,1,1,1
614,1790,Metabolic,1,1,1,1,1,1,1,1,1,1,1
614,2449,Metabolic,1,1,1,1,1,1,1,1,1,1,1
616,2568,Metabolic,1,1,1,1,1,1,1,1,1,1,1
631,3144,Metabolic,1,1,1,1,1,1,1,1,1,1,1
631,602,Metabolic,1,1,1,1,1,1,1,1,1,1,1
631,1226,Metabolic,1,1,1,1,1,1,1,1,1,1,1
631,126,Metabolic,1,1,1,1,1,1,1,1,1,1,1
631,376,Metabolic,1,1,1,1,1,1,1,1,1,1,1
631,2222,Metabolic,1,1,1,1,1,1,1,1,1,1,1
631,4039,Metabolic,1,1,1,1,1,1,1,1,1,1,1
631,2290,Metabolic,1,1,1,1,1,1,1,1,1,1,1
636,2702,Metabolic,1,1,1,1,1,1,1,1,1,1,1
636,2871,Metabolic,1,1,1,1,1,1,1,1,1,1,1
643,884,Metabolic,1,1,1,1,1,1,1,1,1,1,1
654,106,Metabolic,1,1,1,1,1,1,1,1,1,1,1
654,1109,Metabolic,1,1,1,1,1,1,1,1,1,1,1
654,2887,Metabolic,1,1,1,1,1,1,1,1,1,1,1
661,1909,Metabolic,1,1,1,1,1,1,1,1,1,1,1
661,2855,Metabolic,1,1,1,1,1,1,1,1,1,1,1
664,309,Metabolic,1,1,1,1,1,1,1,1,1,1,1
664,2037,Metabolic,1,1,1,1,1,1,1,1,1,1,1
666,3343,Metabolic,1,1,1,1,1,1,1,1,1,1,1
666,2818,Metabolic,1,1,1,1,1,1,1,1,1,1,1
666,3194,Metabolic,1,1,1,1,1,1,1,1,1,1,1
666,2601,Metabolic,1,1,1,1,1,1,1,1,1,1,1
666,3635,Metabolic,1,1,1,1,1,1,1,1,1,1,1
666,877,Metabolic,1,1,1,1,1,1,1,1,1,1,1
666,206,Metabolic,1,1,1,1,1,1,1,1,1,1,1
671,403,Metabolic,1,1,1,1,1,1,1,1,1,1,1
671,1294,Metabolic,1,1,1,1,1,1,1,1,1,1,1
673,3658,Metabolic,1,1,1,1,1,1,1,1,1,1,1
673,2714,Metabolic,1,1,1,1,1,1,1,1,1,1,1
674,1262,Metabolic,1,1,1,1,1,1,1,1,1,1,1
676,1192,Metabolic,1,1,1,1,1,1,1,1,1,1,1
676,2897,Metabolic,1,1,1,1,1,1,1,1,1,1,1
676,1110,Metabolic,1,1,1,1,1,1,1,1,1,1,1
700,1729,Metabolic,1,1,1,1,1,1,1,1,1,1,1
700,1506,Metabolic,1,1,1,1,1,1,1,1,1,1,1
700,207,Metabolic,1,1,1,1,1,1,1,1,1,1,1
704,3188,Metabolic,1,1,1,1,1,1,1,1,1,1,1
704,836,Metabolic,1,1,1,1,1,1,1,1,1,1,1
704,1583,Metabolic,1,1,1,1,1,1,1,1,1,1,1
705,3368,Metabolic,1,1,1,1,1,1,1,1,1,1,1
705,3433,Metabolic,1,1,1,1,1,1,1,1,1,1,1
705,4050,Metabolic,1,1,1,1,1,1,1,1,1,1,1
709,1663,Metabolic,1,1,1,1,1,1,1,1,1,1,1
709,3474,Metabolic,1,1,1,1,1,1,1,1,1,1,1
714,2449,Metabolic,1,1,1,1,1,1,1,1,1,1,1
714,1534,Metabolic,1,1,1,1,1,1,1,1,1,1,1
721,2614,Metabolic,1,1,1,1,1,1,1,1,1,1,1
721,1337,Metabolic,1,1,1,1,1,1,1,1,1,1,1
731,1041,Metabolic,1,1,1,1,1,1,1,1,1,1,1
731,3846,Metabolic,1,1,1,1,1,1,1,1,1,1,1
731,3490,Metabolic,1,1,1,1,1,1,1,1,1,1,1
731,2034,Metabolic,1,1,1,1,1,1,1,1,1,1,1
731,2936,Metabolic,1,1,1,1,1,1,1,1,1,1,1
731,1329,Metabolic,1,1,1,1,1,1,1,1,1,1,1
731,120,Metabolic,1,1,1,1,1,1,1,1,1,1,1
735,1832,Metabolic,1,1,1,1,1,1,1,1,1,1,1
747,3227,Metabolic,1,1,1,1,1,1,1,1,1,1,1
747,721,Metabolic,1,1,1,1,1,1,1,1,1,1,1
747,3199,Metabolic,1,1,1,1,1,1,1,1,1,1,1
747,138,Metabolic,1,1,1,1,1,1,1,1,1,1,1
757,3341,Metabolic,1,1,1,1,1,1,1,1,1,1,1
761,4066,Metabolic,1,1,1,1,1,1,1,1,1,1,1
762,4146,Metabolic,1,1,1,1,1,1,1,1,1,1,1
762,3204,Metabolic,1,1,1,1,1,1,1,1,1,1,1
762,234,Metabolic,1,1,1,1,1,1,1,1,1,1,1
762,643,Metabolic,1,1,1,1,1,1,1,1,1,1,1
763,1439,Metabolic,1,1,1,1,1,1,1,1,1,1,1
763,2661,Metabolic,1,1,1,1,1,1,1,1,1,1,1
768,1829,Metabolic,1,1,1,1,1,1,1,1,1,1,1
770,20,Metabolic,1,1,1,1,1,1,1,1,1,1,1
770,4117,Metabolic,1,1,1,1,1,1,1,1,1,1,1
770,3186,Metabolic,1,1,1,1,1,1,1,1,1,1,1
774,2670,Metabolic,1,1,1,1,1,1,1,1,1,1,1
774,774,Metabolic,1,1,1,1,1,1,1,1,1,1,1
775,1357,Metabolic,1,1,1,1,1,1,1,1,1,1,1
775,1240,Metabolic,1,1,1,1,1,1,1,1,1,1,1
779,4417,Metabolic,1,1,1,1,1,1,1,1,1,1,1
779,3215,Metabolic,1,1,1,1,1,1,1,1,1,1,1
780,1562,Metabolic,1,1,1,1,1,1,1,1,1,1,1
780,3167,Metabolic,1,1,1,1,1,1,1,1,1,1,1
780,2125,Metabolic,1,1,1,1,1,1,1,1,1,1,1
780,1306,Metabolic,1,1,1,1,1,1,1,1,1,1,1
795,1851,Metabolic,1,1,1,1,1,1,1,1,1,1,1
795,1149,Metabolic,1,1,1,1,1,1,1,1,1,1,1
795,3565,Metabolic,1,1,1,1,1,1,1,1,1,1,1
798,1769,Metabolic,1,1,1,1,1,1,1,1,1,1,1
800,3736,Metabolic,1,1,1,1,1,1,1,1,1,1,1
800,1219,Metabolic,1,1,1,1,1,1,1,1,1,1,1
803,1974,Metabolic,1,1,1,1,1,1,1,1,1,1,1
806,2121,Metabolic,1,1,1,1,1,1,1,1,1,1,1
806,855,Metabolic,1,1,1,1,1,1,1,1,1,1,1
806,2617,Metabolic,1,1,1,1,1,1,1,1,1,1,1
811,1318,Metabolic,1,1,1,1,1,1,1,1,1,1,1
817,676,Metabolic,1,1,1,1,1,1,1,1,1,1,1
817,3160,Metabolic,1,1,1,1,1,1,1,1,1,1,1
830,2449,Metabolic,1,1,1,1,1,1,1,1,1,1,1
836,3188,Metabolic,1,1,1,1,1,1,1,1,1,1,1
836,2280,Metabolic,1,1,1,1,1,1,1,1,1,1,1
836,1583,Metabolic,1,1,1,1,1,1,1,1,1,1,1
838,2597,Metabolic,1,1,1,1,1,1,1,1,1,1,1
840,3647,Metabolic,1,1,1,1,1,1,1,1,1,1,1
844,1094,Metabolic,1,1,1,1,1,1,1,1,1,1,1
844,435,Metabolic,1,1,1,1,1,1,1,1,1,1,1
844,1371,Metabolic,1,1,1,1,1,1,1,1,1,1,1
844,477,Metabolic,1,1,1,1,1,1,1,1,1,1,1
849,4257,Metabolic,1,1,1,1,1,1,1,1,1,1,1
850,2449,Metabolic,1,1,1,1,1,1,1,1,1,1,1
853,752,Metabolic,1,1,1,1,1,1,1,1,1,1,1
853,1053,Metabolic,1,1,1,1,1,1,1,1,1,1,1
854,1576,Metabolic,1,1,1,1,1,1,1,1,1,1,1
854,2699,Metabolic,1,1,1,1,1,1,1,1,1,1,1
855,811,Metabolic,1,1,1,1,1,1,1,1,1,1,1
858,4148,Metabolic,1,1,1,1,1,1,1,1,1,1,1
861,3141,Metabolic,1,1,1,1,1,1,1,1,1,1,1
862,210,Metabolic,1,1,1,1,1,1,1,1,1,1,1
864,2449,Metabolic,1,1,1,1,1,1,1,1,1,1,1
872,4151,Metabolic,1,1,1,1,1,1,1,1,1,1,1
872,2605,Metabolic,1,1,1,1,1,1,1,1,1,1,1
872,293,Metabolic,1,1,1,1,1,1,1,1,1,1,1
873,3087,Metabolic,1,1,1,1,1,1,1,1,1,1,1
876,3308,Metabolic,1,1,1,1,1,1,1,1,1,1,1
877,3343,Metabolic,1,1,1,1,1,1,1,1,1,1,1
877,2818,Metabolic,1,1,1,1,1,1,1,1,1,1,1
877,3194,Metabolic,1,1,1,1,1,1,1,1,1,1,1
877,2601,Metabolic,1,1,1,1,1,1,1,1,1,1,1
877,3635,Metabolic,1,1,1,1,1,1,1,1,1,1,1
877,206,Metabolic,1,1,1,1,1,1,1,1,1,1,1
882,1881,Metabolic,1,1,1,1,1,1,1,1,1,1,1
883,1341,Metabolic,1,1,1,1,1,1,1,1,1,1,1
883,1824,Metabolic,1,1,1,1,1,1,1,1,1,1,1
883,2626,Metabolic,1,1,1,1,1,1,1,1,1,1,1
883,501,Metabolic,1,1,1,1,1,1,1,1,1,1,1
883,3118,Metabolic,1,1,1,1,1,1,1,1,1,1,1
883,2983,Metabolic,1,1,1,1,1,1,1,1,1,1,1
883,3534,Metabolic,1,1,1,1,1,1,1,1,1,1,1
883,2027,Metabolic,1,1,1,1,1,1,1,1,1,1,1
883,1790,Metabolic,1,1,1,1,1,1,1,1,1,1,1
883,433,Metabolic,1,1,1,1,1,1,1,1,1,1,1
883,3707,Metabolic,1,1,1,1,1,1,1,1,1,1,1
883,38,Metabolic,1,1,1,1,1,1,1,1,1,1,1
883,2177,Metabolic,1,1,1,1,1,1,1,1,1,1,1
883,41,Metabolic,1,1,1,1,1,1,1,1,1,1,1
884,1837,Metabolic,1,1,1,1,1,1,1,1,1,1,1
884,2449,Metabolic,1,1,1,1,1,1,1,1,1,1,1
884,1278,Metabolic,1,1,1,1,1,1,1,1,1,1,1
885,1321,Metabolic,1,1,1,1,1,1,1,1,1,1,1
885,3138,Metabolic,1,1,1,1,1,1,1,1,1,1,1
885,3872,Metabolic,1,1,1,1,1,1,1,1,1,1,1
885,65,Metabolic,1,1,1,1,1,1,1,1,1,1,1
886,43,Metabolic,1,1,1,1,1,1,1,1,1,1,1
890,2449,Metabolic,1,1,1,1,1,1,1,1,1,1,1
891,2449,Metabolic,1,1,1,1,1,1,1,1,1,1,1
899,886,Metabolic,1,1,1,1,1,1,1,1,1,1,1
899,43,Metabolic,1,1,1,1,1,1,1,1,1,1,1
904,602,Metabolic,1,1,1,1,1,1,1,1,1,1,1
904,1226,Metabolic,1,1,1,1,1,1,1,1,1,1,1
904,126,Metabolic,1,1,1,1,1,1,1,1,1,1,1
904,376,Metabolic,1,1,1,1,1,1,1,1,1,1,1
904,2222,Metabolic,1,1,1,1,1,1,1,1,1,1,1
904,4039,Metabolic,1,1,1,1,1,1,1,1,1,1,1
904,631,Metabolic,1,1,1,1,1,1,1,1,1,1,1
904,2290,Metabolic,1,1,1,1,1,1,1,1,1,1,1
914,1143,Metabolic,1,1,1,1,1,1,1,1,1,1,1
916,1285,Metabolic,1,1,1,1,1,1,1,1,1,1,1
916,3575,Metabolic,1,1,1,1,1,1,1,1,1,1,1
916,3198,Metabolic,1,1,1,1,1,1,1,1,1,1,1
918,1728,Metabolic,1,1,1,1,1,1,1,1,1,1,1
918,371,Metabolic,1,1,1,1,1,1,1,1,1,1,1
918,101,Metabolic,1,1,1,1,1,1,1,1,1,1,1
919,4241,Metabolic,1,1,1,1,1,1,1,1,1,1,1
922,237,Metabolic,1,1,1,1,1,1,1,1,1,1,1
931,873,Metabolic,1,1,1,1,1,1,1,1,1,1,1
931,3087,Metabolic,1,1,1,1,1,1,1,1,1,1,1
933,1983,Metabolic,1,1,1,1,1,1,1,1,1,1,1
934,803,Metabolic,1,1,1,1,1,1,1,1,1,1,1
935,2589,Metabolic,1,1,1,1,1,1,1,1,1,1,1
938,3845,Metabolic,1,1,1,1,1,1,1,1,1,1,1
940,1515,Metabolic,1,1,1,1,1,1,1,1,1,1,1
940,783,Metabolic,1,1,1,1,1,1,1,1,1,1,1
948,1357,Metabolic,1,1,1,1,1,1,1,1,1,1,1
948,775,Metabolic,1,1,1,1,1,1,1,1,1,1,1
954,3182,Metabolic,1,1,1,1,1,1,1,1,1,1,1
954,1890,Metabolic,1,1,1,1,1,1,1,1,1,1,1
954,2998,Metabolic,1,1,1,1,1,1,1,1,1,1,1
955,4032,Metabolic,1,1,1,1,1,1,1,1,1,1,1
955,1560,Metabolic,1,1,1,1,1,1,1,1,1,1,1
955,1800,Metabolic,1,1,1,1,1,1,1,1,1,1,1
958,2449,Metabolic,1,1,1,1,1,1,1,1,1,1,1
963,986,Metabolic,1,1,1,1,1,1,1,1,1,1,1
963,1194,Metabolic,1,1,1,1,1,1,1,1,1,1,1
974,2449,Metabolic,1,1,1,1,1,1,1,1,1,1,1
979,3169,Metabolic,1,1,1,1,1,1,1,1,1,1,1
985,15,Metabolic,1,1,1,1,1,1,1,1,1,1,1
985,1228,Metabolic,1,1,1,1,1,1,1,1,1,1,1
986,1194,Metabolic,1,1,1,1,1,1,1,1,1,1,1
986,1074,Metabolic,1,1,1,1,1,1,1,1,1,1,1
986,2555,Metabolic,1,1,1,1,1,1,1,1,1,1,1
986,1127,Metabolic,1,1,1,1,1,1,1,1,1,1,1
986,3579,Metabolic,1,1,1,1,1,1,1,1,1,1,1
1010,1677,Metabolic,1,1,1,1,1,1,1,1,1,1,1
1016,2189,Metabolic,1,1,1,1,1,1,1,1,1,1,1
1020,2227,Metabolic,1,1,1,1,1,1,1,1,1,1,1
1020,1982,Metabolic,1,1,1,1,1,1,1,1,1,1,1
1020,551,Metabolic,1,1,1,1,1,1,1,1,1,1,1
1020,3239,Metabolic,1,1,1,1,1,1,1,1,1,1,1
1030,1209,Metabolic,1,1,1,1,1,1,1,1,1,1,1
1041,3846,Metabolic,1,1,1,1,1,1,1,1,1,1,1
1041,3490,Metabolic,1,1,1,1,1,1,1,1,1,1,1
1041,2034,Metabolic,1,1,1,1,1,1,1,1,1,1,1
1041,2936,Metabolic,1,1,1,1,1,1,1,1,1,1,1
1041,1329,Metabolic,1,1,1,1,1,1,1,1,1,1,1
1041,120,Metabolic,1,1,1,1,1,1,1,1,1,1,1
1042,986,Metabolic,1,1,1,1,1,1,1,1,1,1,1
1042,1194,Metabolic,1,1,1,1,1,1,1,1,1,1,1
1042,1074,Metabolic,1,1,1,1,1,1,1,1,1,1,1
1042,2555,Metabolic,1,1,1,1,1,1,1,1,1,1,1
1042,1127,Metabolic,1,1,1,1,1,1,1,1,1,1,1
1042,3579,Metabolic,1,1,1,1,1,1,1,1,1,1,1
1043,3938,Metabolic,1,1,1,1,1,1,1,1,1,1,1
1043,3173,Metabolic,1,1,1,1,1,1,1,1,1,1,1
1048,1994,Metabolic,1,1,1,1,1,1,1,1,1,1,1
1048,3869,Metabolic,1,1,1,1,1,1,1,1,1,1,1
1050,984,Metabolic,1,1,1,1,1,1,1,1,1,1,1
1050,1364,Metabolic,1,1,1,1,1,1,1,1,1,1,1
1056,2723,Metabolic,1,1,1,1,1,1,1,1,1,1,1
1056,2584,Metabolic,1,1,1,1,1,1,1,1,1,1,1
1058,2052,Metabolic,1,1,1,1,1,1,1,1,1,1,1
1058,2016,Metabolic,1,1,1,1,1,1,1,1,1,1,1
1058,1749,Metabolic,1,1,1,1,1,1,1,1,1,1,1
1068,561,Metabolic,1,1,1,1,1,1,1,1,1,1,1
1068,1686,Metabolic,1,1,1,1,1,1,1,1,1,1,1
1071,3347,Metabolic,1,1,1,1,1,1,1,1,1,1,1
1074,2555,Metabolic,1,1,1,1,1,1,1,1,1,1,1
1074,1127,Metabolic,1,1,1,1,1,1,1,1,1,1,1
1079,17,Metabolic,1,1,1,1,1,1,1,1,1,1,1
1090,3970,Metabolic,1,1,1,1,1,1,1,1,1,1,1
1090,510,Metabolic,1,1,1,1,1,1,1,1,1,1,1
1092,1826,Metabolic,1,1,1,1,1,1,1,1,1,1,1
1092,3410,Metabolic,1,1,1,1,1,1,1,1,1,1,1
1094,477,Metabolic,1,1,1,1,1,1,1,1,1,1,1
1095,3010,Metabolic,1,1,1,1,1,1,1,1,1,1,1
1095,2490,Metabolic,1,1,1,1,1,1,1,1,1,1,1
1098,4124,Metabolic,1,1,1,1,1,1,1,1,1,1,1
1098,3193,Metabolic,1,1,1,1,1,1,1,1,1,1,1
1098,486,Metabolic,1,1,1,1,1,1,1,1,1,1,1
1102,205,Metabolic,1,1,1,1,1,1,1,1,1,1,1
1102,348,Metabolic,1,1,1,1,1,1,1,1,1,1,1
1108,2875,Metabolic,1,1,1,1,1,1,1,1,1,1,1
1110,817,Metabolic,1,1,1,1,1,1,1,1,1,1,1
1110,1192,Metabolic,1,1,1,1,1,1,1,1,1,1,1
1110,2897,Metabolic,1,1,1,1,1,1,1,1,1,1,1
1118,3616,Metabolic,1,1,1,1,1,1,1,1,1,1,1
1118,3270,Metabolic,1,1,1,1,1,1,1,1,1,1,1
1118,218,Metabolic,1,1,1,1,1,1,1,1,1,1,1
1118,735,Metabolic,1,1,1,1,1,1,1,1,1,1,1
1118,2397,Metabolic,1,1,1,1,1,1,1,1,1,1,1
1118,1188,Metabolic,1,1,1,1,1,1,1,1,1,1,1
1118,3113,Metabolic,1,1,1,1,1,1,1,1,1,1,1
1120,2449,Metabolic,1,1,1,1,1,1,1,1,1,1,1
1123,4241,Metabolic,1,1,1,1,1,1,1,1,1,1,1
1123,882,Metabolic,1,1,1,1,1,1,1,1,1,1,1
1123,1881,Metabolic,1,1,1,1,1,1,1,1,1,1,1
1123,158,Metabolic,1,1,1,1,1,1,1,1,1,1,1
1123,2511,Metabolic,1,1,1,1,1,1,1,1,1,1,1
1132,3458,Metabolic,1,1,1,1,1,1,1,1,1,1,1
1132,41,Metabolic,1,1,1,1,1,1,1,1,1,1,1
1141,4417,Metabolic,1,1,1,1,1,1,1,1,1,1,1
1141,2606,Metabolic,1,1,1,1,1,1,1,1,1,1,1
1142,3223,Metabolic,1,1,1,1,1,1,1,1,1,1,1
1143,2595,Metabolic,1,1,1,1,1,1,1,1,1,1,1
1145,1341,Metabolic,1,1,1,1,1,1,1,1,1,1,1
1145,1824,Metabolic,1,1,1,1,1,1,1,1,1,1,1
1145,501,Metabolic,1,1,1,1,1,1,1,1,1,1,1
1145,1192,Metabolic,1,1,1,1,1,1,1,1,1,1,1
1145,2027,Metabolic,1,1,1,1,1,1,1,1,1,1,1
1149,3224,Metabolic,1,1,1,1,1,1,1,1,1,1,1
1157,3171,Metabolic,1,1,1,1,1,1,1,1,1,1,1
1157,2524,Metabolic,1,1,1,1,1,1,1,1,1,1,1
1164,279,Metabolic,1,1,1,1,1,1,1,1,1,1,1
1172,899,Metabolic,1,1,1,1,1,1,1,1,1,1,1
1172,886,Metabolic,1,1,1,1,1,1,1,1,1,1,1
1172,43,Metabolic,1,1,1,1,1,1,1,1,1,1,1
1176,798,Metabolic,1,1,1,1,1,1,1,1,1,1,1
1176,1668,Metabolic,1,1,1,1,1,1,1,1,1,1,1
1177,2977,Metabolic,1,1,1,1,1,1,1,1,1,1,1
1177,1414,Metabolic,1,1,1,1,1,1,1,1,1,1,1
1179,3171,Metabolic,1,1,1,1,1,1,1,1,1,1,1
1179,2524,Metabolic,1,1,1,1,1,1,1,1,1,1,1
1179,1334,Metabolic,1,1,1,1,1,1,1,1,1,1,1
1184,2057,Metabolic,1,1,1,1,1,1,1,1,1,1,1
1188,3616,Metabolic,1,1,1,1,1,1,1,1,1,1,1
1188,3270,Metabolic,1,1,1,1,1,1,1,1,1,1,1
1188,218,Metabolic,1,1,1,1,1,1,1,1,1,1,1
1192,2033,Metabolic,1,1,1,1,1,1,1,1,1,1,1
1192,1043,Metabolic,1,1,1,1,1,1,1,1,1,1,1
1192,3173,Metabolic,1,1,1,1,1,1,1,1,1,1,1
1194,1074,Metabolic,1,1,1,1,1,1,1,1,1,1,1
1194,2555,Metabolic,1,1,1,1,1,1,1,1,1,1,1
1194,1127,Metabolic,1,1,1,1,1,1,1,1,1,1,1
1194,3579,Metabolic,1,1,1,1,1,1,1,1,1,1,1
1197,3118,Metabolic,1,1,1,1,1,1,1,1,1,1,1
1198,3408,Metabolic,1,1,1,1,1,1,1,1,1,1,1
1200,2794,Metabolic,1,1,1,1,1,1,1,1,1,1,1
1208,3523,Metabolic,1,1,1,1,1,1,1,1,1,1,1
1208,643,Metabolic,1,1,1,1,1,1,1,1,1,1,1
1208,830,Metabolic,1,1,1,1,1,1,1,1,1,1,1
1216,2688,Metabolic,1,1,1,1,1,1,1,1,1,1,1
1216,2853,Metabolic,1,1,1,1,1,1,1,1,1,1,1
1222,2471,Metabolic,1,1,1,1,1,1,1,1,1,1,1
1226,126,Metabolic,1,1,1,1,1,1,1,1,1,1,1
1226,376,Metabolic,1,1,1,1,1,1,1,1,1,1,1
1226,2222,Metabolic,1,1,1,1,1,1,1,1,1,1,1
1226,4039,Metabolic,1,1,1,1,1,1,1,1,1,1,1
1228,2806,Metabolic,1,1,1,1,1,1,1,1,1,1,1
1228,2699,Metabolic,1,1,1,1,1,1,1,1,1,1,1
1234,383,Metabolic,1,1,1,1,1,1,1,1,1,1,1
1234,429,Metabolic,1,1,1,1,1,1,1,1,1,1,1
1234,2791,Metabolic,1,1,1,1,1,1,1,1,1,1,1
1239,2624,Metabolic,1,1,1,1,1,1,1,1,1,1,1
1239,1728,Metabolic,1,1,1,1,1,1,1,1,1,1,1
1245,2187,Metabolic,1,1,1,1,1,1,1,1,1,1,1
1245,1471,Metabolic,1,1,1,1,1,1,1,1,1,1,1
1251,1628,Metabolic,1,1,1,1,1,1,1,1,1,1,1
1251,1874,Metabolic,1,1,1,1,1,1,1,1,1,1,1
1251,1408,Metabolic,1,1,1,1,1,1,1,1,1,1,1
1252,1567,Metabolic,1,1,1,1,1,1,1,1,1,1,1
1252,3878,Metabolic,1,1,1,1,1,1,1,1,1,1,1
1258,90,Metabolic,1,1,1,1,1,1,1,1,1,1,1
1258,3171,Metabolic,1,1,1,1,1,1,1,1,1,1,1
1258,2524,Metabolic,1,1,1,1,1,1,1,1,1,1,1
1264,3344,Metabolic,1,1,1,1,1,1,1,1,1,1,1
1264,1228,Metabolic,1,1,1,1,1,1,1,1,1,1,1
1264,3560,Metabolic,1,1,1,1,1,1,1,1,1,1,1
1264,1767,Metabolic,1,1,1,1,1,1,1,1,1,1,1
1266,2449,Metabolic,1,1,1,1,1,1,1,1,1,1,1
1266,1534,Metabolic,1,1,1,1,1,1,1,1,1,1,1
1267,883,Metabolic,1,1,1,1,1,1,1,1,1,1,1
1267,3199,Metabolic,1,1,1,1,1,1,1,1,1,1,1
1267,3239,Metabolic,1,1,1,1,1,1,1,1,1,1,1
1278,2449,Metabolic,1,1,1,1,1,1,1,1,1,1,1
1282,3737,Metabolic,1,1,1,1,1,1,1,1,1,1,1
1282,3645,Metabolic,1,1,1,1,1,1,1,1,1,1,1
1285,564,Metabolic,1,1,1,1,1,1,1,1,1,1,1
1294,452,Metabolic,1,1,1,1,1,1,1,1,1,1,1
1302,1478,Metabolic,1,1,1,1,1,1,1,1,1,1,1
1302,2078,Metabolic,1,1,1,1,1,1,1,1,1,1,1
1302,1538,Metabolic,1,1,1,1,1,1,1,1,1,1,1
1305,234,Metabolic,1,1,1,1,1,1,1,1,1,1,1
1306,312,Metabolic,1,1,1,1,1,1,1,1,1,1,1
1313,3306,Metabolic,1,1,1,1,1,1,1,1,1,1,1
1313,3752,Metabolic,1,1,1,1,1,1,1,1,1,1,1
1314,931,Metabolic,1,1,1,1,1,1,1,1,1,1,1
1318,2121,Metabolic,1,1,1,1,1,1,1,1,1,1,1
1318,806,Metabolic,1,1,1,1,1,1,1,1,1,1,1
1318,2779,Metabolic,1,1,1,1,1,1,1,1,1,1,1
1318,4029,Metabolic,1,1,1,1,1,1,1,1,1,1,1
1318,1899,Metabolic,1,1,1,1,1,1,1,1,1,1,1
1318,548,Metabolic,1,1,1,1,1,1,1,1,1,1,1
1320,3227,Metabolic,1,1,1,1,1,1,1,1,1,1,1
1320,3534,Metabolic,1,1,1,1,1,1,1,1,1,1,1
1320,1267,Metabolic,1,1,1,1,1,1,1,1,1,1,1
1320,721,Metabolic,1,1,1,1,1,1,1,1,1,1,1
1320,2365,Metabolic,1,1,1,1,1,1,1,1,1,1,1
1320,3199,Metabolic,1,1,1,1,1,1,1,1,1,1,1
1320,1617,Metabolic,1,1,1,1,1,1,1,1,1,1,1
1320,1795,Metabolic,1,1,1,1,1,1,1,1,1,1,1
1320,138,Metabolic,1,1,1,1,1,1,1,1,1,1,1
1322,984,Metabolic,1,1,1,1,1,1,1,1,1,1,1
1322,1050,Metabolic,1,1,1,1,1,1,1,1,1,1,1
1322,1364,Metabolic,1,1,1,1,1,1,1,1,1,1,1
1322,1932,Metabolic,1,1,1,1,1,1,1,1,1,1,1
1322,1118,Metabolic,1,1,1,1,1,1,1,1,1,1,1
1322,1188,Metabolic,1,1,1,1,1,1,1,1,1,1,1
1329,120,Metabolic,1,1,1,1,1,1,1,1,1,1,1
1334,3048,Metabolic,1,1,1,1,1,1,1,1,1,1,1
1334,3171,Metabolic,1,1,1,1,1,1,1,1,1,1,1
1334,2524,Metabolic,1,1,1,1,1,1,1,1,1,1,1
1336,318,Metabolic,1,1,1,1,1,1,1,1,1,1,1
1337,3647,Metabolic,1,1,1,1,1,1,1,1,1,1,1
1341,3047,Metabolic,1,1,1,1,1,1,1,1,1,1,1
1341,1824,Metabolic,1,1,1,1,1,1,1,1,1,1,1
1348,2355,Metabolic,1,1,1,1,1,1,1,1,1,1,1
1349,72,Metabolic,1,1,1,1,1,1,1,1,1,1,1
1350,438,Metabolic,1,1,1,1,1,1,1,1,1,1,1
1352,2760,Metabolic,1,1,1,1,1,1,1,1,1,1,1
1352,2201,Metabolic,1,1,1,1,1,1,1,1,1,1,1
1352,234,Metabolic,1,1,1,1,1,1,1,1,1,1,1
1352,1208,Metabolic,1,1,1,1,1,1,1,1,1,1,1
1357,1240,Metabolic,1,1,1,1,1,1,1,1,1,1,1
1359,1318,Metabolic,1,1,1,1,1,1,1,1,1,1,1
1364,984,Metabolic,1,1,1,1,1,1,1,1,1,1,1
1364,1364,Metabolic,1,1,1,1,1,1,1,1,1,1,1
1366,1479,Metabolic,1,1,1,1,1,1,1,1,1,1,1
1368,1582,Metabolic,1,1,1,1,1,1,1,1,1,1,1
1371,1483,Metabolic,1,1,1,1,1,1,1,1,1,1,1
1377,1338,Metabolic,1,1,1,1,1,1,1,1,1,1,1
1395,1685,Metabolic,1,1,1,1,1,1,1,1,1,1,1
1395,1734,Metabolic,1,1,1,1,1,1,1,1,1,1,1
1396,865,Metabolic,1,1,1,1,1,1,1,1,1,1,1
1399,1064,Metabolic,1,1,1,1,1,1,1,1,1,1,1
1401,1730,Metabolic,1,1,1,1,1,1,1,1,1,1,1
1401,1777,Metabolic,1,1,1,1,1,1,1,1,1,1,1
1401,948,Metabolic,1,1,1,1,1,1,1,1,1,1,1
1401,2162,Metabolic,1,1,1,1,1,1,1,1,1,1,1
1404,3270,Metabolic,1,1,1,1,1,1,1,1,1,1,1
1404,218,Metabolic,1,1,1,1,1,1,1,1,1,1,1
1404,3297,Metabolic,1,1,1,1,1,1,1,1,1,1,1
1419,2449,Metabolic,1,1,1,1,1,1,1,1,1,1,1
1439,2164,Metabolic,1,1,1,1,1,1,1,1,1,1,1
1439,2425,Metabolic,1,1,1,1,1,1,1,1,1,1,1
1439,2661,Metabolic,1,1,1,1,1,1,1,1,1,1,1
1454,2449,Metabolic,1,1,1,1,1,1,1,1,1,1,1
1463,861,Metabolic,1,1,1,1,1,1,1,1,1,1,1
1463,3279,Metabolic,1,1,1,1,1,1,1,1,1,1,1
1463,2636,Metabolic,1,1,1,1,1,1,1,1,1,1,1
1463,219,Metabolic,1,1,1,1,1,1,1,1,1,1,1
1468,2624,Metabolic,1,1,1,1,1,1,1,1,1,1,1
1468,1728,Metabolic,1,1,1,1,1,1,1,1,1,1,1
1474,2449,Metabolic,1,1,1,1,1,1,1,1,1,1,1
1477,1019,Metabolic,1,1,1,1,1,1,1,1,1,1,1
1477,2825,Metabolic,1,1,1,1,1,1,1,1,1,1,1
1478,2078,Metabolic,1,1,1,1,1,1,1,1,1,1,1
1478,1538,Metabolic,1,1,1,1,1,1,1,1,1,1,1
1479,997,Metabolic,1,1,1,1,1,1,1,1,1,1,1
1483,1282,Metabolic,1,1,1,1,1,1,1,1,1,1,1
1501,2626,Metabolic,1,1,1,1,1,1,1,1,1,1,1
1501,883,Metabolic,1,1,1,1,1,1,1,1,1,1,1
1506,207,Metabolic,1,1,1,1,1,1,1,1,1,1,1
1506,798,Metabolic,1,1,1,1,1,1,1,1,1,1,1
1509,2071,Metabolic,1,1,1,1,1,1,1,1,1,1,1
1509,2016,Metabolic,1,1,1,1,1,1,1,1,1,1,1
1509,1749,Metabolic,1,1,1,1,1,1,1,1,1,1,1
1515,783,Metabolic,1,1,1,1,1,1,1,1,1,1,1
1521,3047,Metabolic,1,1,1,1,1,1,1,1,1,1,1
1522,124,Metabolic,1,1,1,1,1,1,1,1,1,1,1
1522,2342,Metabolic,1,1,1,1,1,1,1,1,1,1,1
1539,2962,Metabolic,1,1,1,1,1,1,1,1,1,1,1
1539,92,Metabolic,1,1,1,1,1,1,1,1,1,1,1
1539,3673,Metabolic,1,1,1,1,1,1,1,1,1,1,1
1553,3515,Metabolic,1,1,1,1,1,1,1,1,1,1,1
1553,798,Metabolic,1,1,1,1,1,1,1,1,1,1,1
1553,2397,Metabolic,1,1,1,1,1,1,1,1,1,1,1
1553,1188,Metabolic,1,1,1,1,1,1,1,1,1,1,1
1553,96,Metabolic,1,1,1,1,1,1,1,1,1,1,1
1560,1176,Metabolic,1,1,1,1,1,1,1,1,1,1,1
1562,2846,Metabolic,1,1,1,1,1,1,1,1,1,1,1
1562,1306,Metabolic,1,1,1,1,1,1,1,1,1,1,1
1567,2280,Metabolic,1,1,1,1,1,1,1,1,1,1,1
1576,3742,Metabolic,1,1,1,1,1,1,1,1,1,1,1
1583,3188,Metabolic,1,1,1,1,1,1,1,1,1,1,1
1583,1396,Metabolic,1,1,1,1,1,1,1,1,1,1,1
1583,865,Metabolic,1,1,1,1,1,1,1,1,1,1,1
1604,997,Metabolic,1,1,1,1,1,1,1,1,1,1,1
1605,795,Metabolic,1,1,1,1,1,1,1,1,1,1,1
1611,1243,Metabolic,1,1,1,1,1,1,1,1,1,1,1
1611,2324,Metabolic,1,1,1,1,1,1,1,1,1,1,1
1611,1832,Metabolic,1,1,1,1,1,1,1,1,1,1,1
1611,2061,Metabolic,1,1,1,1,1,1,1,1,1,1,1
1617,1267,Metabolic,1,1,1,1,1,1,1,1,1,1,1
1617,2393,Metabolic,1,1,1,1,1,1,1,1,1,1,1
1617,883,Metabolic,1,1,1,1,1,1,1,1,1,1,1
1617,3199,Metabolic,1,1,1,1,1,1,1,1,1,1,1
1617,3239,Metabolic,1,1,1,1,1,1,1,1,1,1,1
1620,2067,Metabolic,1,1,1,1,1,1,1,1,1,1,1
1620,774,Metabolic,1,1,1,1,1,1,1,1,1,1,1
1628,3089,Metabolic,1,1,1,1,1,1,1,1,1,1,1
1628,1408,Metabolic,1,1,1,1,1,1,1,1,1,1,1
1634,1033,Metabolic,1,1,1,1,1,1,1,1,1,1,1
1641,2760,Metabolic,1,1,1,1,1,1,1,1,1,1,1
1641,2201,Metabolic,1,1,1,1,1,1,1,1,1,1,1
1641,234,Metabolic,1,1,1,1,1,1,1,1,1,1,1
1642,561,Metabolic,1,1,1,1,1,1,1,1,1,1,1
1642,1686,Metabolic,1,1,1,1,1,1,1,1,1,1,1
1653,2067,Metabolic,1,1,1,1,1,1,1,1,1,1,1
1653,774,Metabolic,1,1,1,1,1,1,1,1,1,1,1
1659,817,Metabolic,1,1,1,1,1,1,1,1,1,1,1
1659,2666,Metabolic,1,1,1,1,1,1,1,1,1,1,1
1663,2723,Metabolic,1,1,1,1,1,1,1,1,1,1,1
1663,2584,Metabolic,1,1,1,1,1,1,1,1,1,1,1
1668,798,Metabolic,1,1,1,1,1,1,1,1,1,1,1
1685,1628,Metabolic,1,1,1,1,1,1,1,1,1,1,1
1685,1408,Metabolic,1,1,1,1,1,1,1,1,1,1,1
1686,2489,Metabolic,1,1,1,1,1,1,1,1,1,1,1
1686,3308,Metabolic,1,1,1,1,1,1,1,1,1,1,1
1686,2181,Metabolic,1,1,1,1,1,1,1,1,1,1,1
1686,679,Metabolic,1,1,1,1,1,1,1,1,1,1,1
1686,36,Metabolic,1,1,1,1,1,1,1,1,1,1,1
1686,255,Metabolic,1,1,1,1,1,1,1,1,1,1,1
1686,1894,Metabolic,1,1,1,1,1,1,1,1,1,1,1
1686,2898,Metabolic,1,1,1,1,1,1,1,1,1,1,1
1692,4167,Metabolic,1,1,1,1,1,1,1,1,1,1,1
1699,4124,Metabolic,1,1,1,1,1,1,1,1,1,1,1
1699,3193,Metabolic,1,1,1,1,1,1,1,1,1,1,1
1699,1098,Metabolic,1,1,1,1,1,1,1,1,1,1,1
1699,486,Metabolic,1,1,1,1,1,1,1,1,1,1,1
1718,1396,Metabolic,1,1,1,1,1,1,1,1,1,1,1
1722,3952,Metabolic,1,1,1,1,1,1,1,1,1,1,1
1724,1489,Metabolic,1,1,1,1,1,1,1,1,1,1,1
1728,111,Metabolic,1,1,1,1,1,1,1,1,1,1,1
1728,2212,Metabolic,1,1,1,1,1,1,1,1,1,1,1
1728,3056,Metabolic,1,1,1,1,1,1,1,1,1,1,1
1728,2489,Metabolic,1,1,1,1,1,1,1,1,1,1,1
1728,561,Metabolic,1,1,1,1,1,1,1,1,1,1,1
1728,1686,Metabolic,1,1,1,1,1,1,1,1,1,1,1
1728,1973,Metabolic,1,1,1,1,1,1,1,1,1,1,1
1728,3308,Metabolic,1,1,1,1,1,1,1,1,1,1,1
1728,3800,Metabolic,1,1,1,1,1,1,1,1,1,1,1
1729,307,Metabolic,1,1,1,1,1,1,1,1,1,1,1
1729,3425,Metabolic,1,1,1,1,1,1,1,1,1,1,1
1729,477,Metabolic,1,1,1,1,1,1,1,1,1,1,1
1730,948,Metabolic,1,1,1,1,1,1,1,1,1,1,1
1730,2162,Metabolic,1,1,1,1,1,1,1,1,1,1,1
1733,2688,Metabolic,1,1,1,1,1,1,1,1,1,1,1
1733,3476,Metabolic,1,1,1,1,1,1,1,1,1,1,1
1734,1685,Metabolic,1,1,1,1,1,1,1,1,1,1,1
1739,2591,Metabolic,1,1,1,1,1,1,1,1,1,1,1
1744,1234,Metabolic,1,1,1,1,1,1,1,1,1,1,1
1744,429,Metabolic,1,1,1,1,1,1,1,1,1,1,1
1746,1053,Metabolic,1,1,1,1,1,1,1,1,1,1,1
1746,853,Metabolic,1,1,1,1,1,1,1,1,1,1,1
1749,2071,Metabolic,1,1,1,1,1,1,1,1,1,1,1
1750,2033,Metabolic,1,1,1,1,1,1,1,1,1,1,1
1750,3898,Metabolic,1,1,1,1,1,1,1,1,1,1,1
1750,2563,Metabolic,1,1,1,1,1,1,1,1,1,1,1
1760,8,Metabolic,1,1,1,1,1,1,1,1,1,1,1
1765,850,Metabolic,1,1,1,1,1,1,1,1,1,1,1
1769,3097,Metabolic,1,1,1,1,1,1,1,1,1,1,1
1769,2984,Metabolic,1,1,1,1,1,1,1,1,1,1,1
1774,3104,Metabolic,1,1,1,1,1,1,1,1,1,1,1
1774,2702,Metabolic,1,1,1,1,1,1,1,1,1,1,1
1774,2871,Metabolic,1,1,1,1,1,1,1,1,1,1,1
1774,636,Metabolic,1,1,1,1,1,1,1,1,1,1,1
1788,3866,Metabolic,1,1,1,1,1,1,1,1,1,1,1
1788,1200,Metabolic,1,1,1,1,1,1,1,1,1,1,1
1788,2794,Metabolic,1,1,1,1,1,1,1,1,1,1,1
1788,1938,Metabolic,1,1,1,1,1,1,1,1,1,1,1
1790,2502,Metabolic,1,1,1,1,1,1,1,1,1,1,1
1790,1320,Metabolic,1,1,1,1,1,1,1,1,1,1,1
1793,3060,Metabolic,1,1,1,1,1,1,1,1,1,1,1
1795,1617,Metabolic,1,1,1,1,1,1,1,1,1,1,1
1796,2170,Metabolic,1,1,1,1,1,1,1,1,1,1,1
1800,2449,Metabolic,1,1,1,1,1,1,1,1,1,1,1
1801,3264,Metabolic,1,1,1,1,1,1,1,1,1,1,1
1801,494,Metabolic,1,1,1,1,1,1,1,1,1,1,1
1811,2168,Metabolic,1,1,1,1,1,1,1,1,1,1,1
1820,3311,Metabolic,1,1,1,1,1,1,1,1,1,1,1
1820,1712,Metabolic,1,1,1,1,1,1,1,1,1,1,1
1821,478,Metabolic,1,1,1,1,1,1,1,1,1,1,1
1824,3047,Metabolic,1,1,1,1,1,1,1,1,1,1,1
1825,1728,Metabolic,1,1,1,1,1,1,1,1,1,1,1
1825,371,Metabolic,1,1,1,1,1,1,1,1,1,1,1
1825,876,Metabolic,1,1,1,1,1,1,1,1,1,1,1
1825,189,Metabolic,1,1,1,1,1,1,1,1,1,1,1
1825,3308,Metabolic,1,1,1,1,1,1,1,1,1,1,1
1825,101,Metabolic,1,1,1,1,1,1,1,1,1,1,1
1826,3410,Metabolic,1,1,1,1,1,1,1,1,1,1,1
1829,2849,Metabolic,1,1,1,1,1,1,1,1,1,1,1
1832,3747,Metabolic,1,1,1,1,1,1,1,1,1,1,1
1832,1111,Metabolic,1,1,1,1,1,1,1,1,1,1,1
1832,418,Metabolic,1,1,1,1,1,1,1,1,1,1,1
1832,2324,Metabolic,1,1,1,1,1,1,1,1,1,1,1
1832,1245,Metabolic,1,1,1,1,1,1,1,1,1,1,1
1832,2187,Metabolic,1,1,1,1,1,1,1,1,1,1,1
1832,1471,Metabolic,1,1,1,1,1,1,1,1,1,1,1
1842,220,Metabolic,1,1,1,1,1,1,1,1,1,1,1
1842,705,Metabolic,1,1,1,1,1,1,1,1,1,1,1
1842,3368,Metabolic,1,1,1,1,1,1,1,1,1,1,1
1842,3433,Metabolic,1,1,1,1,1,1,1,1,1,1,1
1842,4050,Metabolic,1,1,1,1,1,1,1,1,1,1,1
1845,2641,Metabolic,1,1,1,1,1,1,1,1,1,1,1
1845,1641,Metabolic,1,1,1,1,1,1,1,1,1,1,1
1850,427,Metabolic,1,1,1,1,1,1,1,1,1,1,1
1851,1149,Metabolic,1,1,1,1,1,1,1,1,1,1,1
1851,3224,Metabolic,1,1,1,1,1,1,1,1,1,1,1
1851,3565,Metabolic,1,1,1,1,1,1,1,1,1,1,1
1852,2760,Metabolic,1,1,1,1,1,1,1,1,1,1,1
1852,234,Metabolic,1,1,1,1,1,1,1,1,1,1,1
1855,2676,Metabolic,1,1,1,1,1,1,1,1,1,1,1
1858,3047,Metabolic,1,1,1,1,1,1,1,1,1,1,1
1858,1521,Metabolic,1,1,1,1,1,1,1,1,1,1,1
1874,1195,Metabolic,1,1,1,1,1,1,1,1,1,1,1
1875,1752,Metabolic,1,1,1,1,1,1,1,1,1,1,1
1879,2718,Metabolic,1,1,1,1,1,1,1,1,1,1,1
1879,3785,Metabolic,1,1,1,1,1,1,1,1,1,1,1
1890,3182,Metabolic,1,1,1,1,1,1,1,1,1,1,1
1890,2998,Metabolic,1,1,1,1,1,1,1,1,1,1,1
1894,255,Metabolic,1,1,1,1,1,1,1,1,1,1,1
1899,4029,Metabolic,1,1,1,1,1,1,1,1,1,1,1
1899,548,Metabolic,1,1,1,1,1,1,1,1,1,1,1
1903,1777,Metabolic,1,1,1,1,1,1,1,1,1,1,1
1906,3624,Metabolic,1,1,1,1,1,1,1,1,1,1,1
1906,523,Metabolic,1,1,1,1,1,1,1,1,1,1,1
1906,3216,Metabolic,1,1,1,1,1,1,1,1,1,1,1
1906,3610,Metabolic,1,1,1,1,1,1,1,1,1,1,1
1906,2246,Metabolic,1,1,1,1,1,1,1,1,1,1,1
1909,1030,Metabolic,1,1,1,1,1,1,1,1,1,1,1
1909,3522,Metabolic,1,1,1,1,1,1,1,1,1,1,1
1919,427,Metabolic,1,1,1,1,1,1,1,1,1,1,1
1919,708,Metabolic,1,1,1,1,1,1,1,1,1,1,1
1921,1811,Metabolic,1,1,1,1,1,1,1,1,1,1,1
1936,3515,Metabolic,1,1,1,1,1,1,1,1,1,1,1
1936,1699,Metabolic,1,1,1,1,1,1,1,1,1,1,1
1936,1098,Metabolic,1,1,1,1,1,1,1,1,1,1,1
1938,1200,Metabolic,1,1,1,1,1,1,1,1,1,1,1
1938,8,Metabolic,1,1,1,1,1,1,1,1,1,1,1
1938,2794,Metabolic,1,1,1,1,1,1,1,1,1,1,1
1942,3593,Metabolic,1,1,1,1,1,1,1,1,1,1,1
1942,2887,Metabolic,1,1,1,1,1,1,1,1,1,1,1
1942,728,Metabolic,1,1,1,1,1,1,1,1,1,1,1
1947,593,Metabolic,1,1,1,1,1,1,1,1,1,1,1
1952,4035,Metabolic,1,1,1,1,1,1,1,1,1,1,1
1952,1239,Metabolic,1,1,1,1,1,1,1,1,1,1,1
1953,205,Metabolic,1,1,1,1,1,1,1,1,1,1,1
1966,252,Metabolic,1,1,1,1,1,1,1,1,1,1,1
1972,1306,Metabolic,1,1,1,1,1,1,1,1,1,1,1
1973,661,Metabolic,1,1,1,1,1,1,1,1,1,1,1
1973,2855,Metabolic,1,1,1,1,1,1,1,1,1,1,1
1982,38,Metabolic,1,1,1,1,1,1,1,1,1,1,1
1982,2177,Metabolic,1,1,1,1,1,1,1,1,1,1,1
1982,883,Metabolic,1,1,1,1,1,1,1,1,1,1,1
1982,3199,Metabolic,1,1,1,1,1,1,1,1,1,1,1
1982,3239,Metabolic,1,1,1,1,1,1,1,1,1,1,1
1983,263,Metabolic,1,1,1,1,1,1,1,1,1,1,1
1987,3118,Metabolic,1,1,1,1,1,1,1,1,1,1,1
1997,2449,Metabolic,1,1,1,1,1,1,1,1,1,1,1
1998,2396,Metabolic,1,1,1,1,1,1,1,1,1,1,1
2001,2019,Metabolic,1,1,1,1,1,1,1,1,1,1,1
2001,3536,Metabolic,1,1,1,1,1,1,1,1,1,1,1
2004,1642,Metabolic,1,1,1,1,1,1,1,1,1,1,1
2004,271,Metabolic,1,1,1,1,1,1,1,1,1,1,1
2004,561,Metabolic,1,1,1,1,1,1,1,1,1,1,1
2004,1686,Metabolic,1,1,1,1,1,1,1,1,1,1,1
2004,17,Metabolic,1,1,1,1,1,1,1,1,1,1,1
2014,2449,Metabolic,1,1,1,1,1,1,1,1,1,1,1
2016,2071,Metabolic,1,1,1,1,1,1,1,1,1,1,1
2016,1749,Metabolic,1,1,1,1,1,1,1,1,1,1,1
2019,1966,Metabolic,1,1,1,1,1,1,1,1,1,1,1
2019,3217,Metabolic,1,1,1,1,1,1,1,1,1,1,1
2019,3536,Metabolic,1,1,1,1,1,1,1,1,1,1,1
2027,3047,Metabolic,1,1,1,1,1,1,1,1,1,1,1
2027,1341,Metabolic,1,1,1,1,1,1,1,1,1,1,1
2027,1824,Metabolic,1,1,1,1,1,1,1,1,1,1,1
2030,1539,Metabolic,1,1,1,1,1,1,1,1,1,1,1
2033,1020,Metabolic,1,1,1,1,1,1,1,1,1,1,1
2034,2936,Metabolic,1,1,1,1,1,1,1,1,1,1,1
2034,1329,Metabolic,1,1,1,1,1,1,1,1,1,1,1
2034,120,Metabolic,1,1,1,1,1,1,1,1,1,1,1
2040,817,Metabolic,1,1,1,1,1,1,1,1,1,1,1
2042,450,Metabolic,1,1,1,1,1,1,1,1,1,1,1
2043,119,Metabolic,1,1,1,1,1,1,1,1,1,1,1
2044,1557,Metabolic,1,1,1,1,1,1,1,1,1,1,1
2055,1947,Metabolic,1,1,1,1,1,1,1,1,1,1,1
2061,2449,Metabolic,1,1,1,1,1,1,1,1,1,1,1
2062,1508,Metabolic,1,1,1,1,1,1,1,1,1,1,1
2062,2611,Metabolic,1,1,1,1,1,1,1,1,1,1,1
2067,2449,Metabolic,1,1,1,1,1,1,1,1,1,1,1
2076,2449,Metabolic,1,1,1,1,1,1,1,1,1,1,1
2078,1538,Metabolic,1,1,1,1,1,1,1,1,1,1,1
2089,4032,Metabolic,1,1,1,1,1,1,1,1,1,1,1
2089,1560,Metabolic,1,1,1,1,1,1,1,1,1,1,1
2089,955,Metabolic,1,1,1,1,1,1,1,1,1,1,1
2089,1800,Metabolic,1,1,1,1,1,1,1,1,1,1,1
2095,1567,Metabolic,1,1,1,1,1,1,1,1,1,1,1
2095,1252,Metabolic,1,1,1,1,1,1,1,1,1,1,1
2095,3878,Metabolic,1,1,1,1,1,1,1,1,1,1,1
2101,2972,Metabolic,1,1,1,1,1,1,1,1,1,1,1
2101,3956,Metabolic,1,1,1,1,1,1,1,1,1,1,1
2114,933,Metabolic,1,1,1,1,1,1,1,1,1,1,1
2121,855,Metabolic,1,1,1,1,1,1,1,1,1,1,1
2121,2617,Metabolic,1,1,1,1,1,1,1,1,1,1,1
2122,2770,Metabolic,1,1,1,1,1,1,1,1,1,1,1
2125,2588,Metabolic,1,1,1,1,1,1,1,1,1,1,1
2125,1396,Metabolic,1,1,1,1,1,1,1,1,1,1,1
2127,1724,Metabolic,1,1,1,1,1,1,1,1,1,1,1
2127,1489,Metabolic,1,1,1,1,1,1,1,1,1,1,1
2137,1445,Metabolic,1,1,1,1,1,1,1,1,1,1,1
2155,1599,Metabolic,1,1,1,1,1,1,1,1,1,1,1
2156,3832,Metabolic,1,1,1,1,1,1,1,1,1,1,1
2156,1490,Metabolic,1,1,1,1,1,1,1,1,1,1,1
2156,1500,Metabolic,1,1,1,1,1,1,1,1,1,1,1
2156,2730,Metabolic,1,1,1,1,1,1,1,1,1,1,1
2162,4151,Metabolic,1,1,1,1,1,1,1,1,1,1,1
2162,1209,Metabolic,1,1,1,1,1,1,1,1,1,1,1
2162,2946,Metabolic,1,1,1,1,1,1,1,1,1,1,1
2162,293,Metabolic,1,1,1,1,1,1,1,1,1,1,1
2164,2425,Metabolic,1,1,1,1,1,1,1,1,1,1,1
2168,768,Metabolic,1,1,1,1,1,1,1,1,1,1,1
2177,1341,Metabolic,1,1,1,1,1,1,1,1,1,1,1
2177,1824,Metabolic,1,1,1,1,1,1,1,1,1,1,1
2177,501,Metabolic,1,1,1,1,1,1,1,1,1,1,1
2177,3726,Metabolic,1,1,1,1,1,1,1,1,1,1,1
2177,2027,Metabolic,1,1,1,1,1,1,1,1,1,1,1
2181,679,Metabolic,1,1,1,1,1,1,1,1,1,1,1
2181,36,Metabolic,1,1,1,1,1,1,1,1,1,1,1
2187,1471,Metabolic,1,1,1,1,1,1,1,1,1,1,1
2188,455,Metabolic,1,1,1,1,1,1,1,1,1,1,1
2189,2895,Metabolic,1,1,1,1,1,1,1,1,1,1,1
2189,68,Metabolic,1,1,1,1,1,1,1,1,1,1,1
2196,3832,Metabolic,1,1,1,1,1,1,1,1,1,1,1
2196,2156,Metabolic,1,1,1,1,1,1,1,1,1,1,1
2196,1490,Metabolic,1,1,1,1,1,1,1,1,1,1,1
2196,1500,Metabolic,1,1,1,1,1,1,1,1,1,1,1
2196,2730,Metabolic,1,1,1,1,1,1,1,1,1,1,1
2201,72,Metabolic,1,1,1,1,1,1,1,1,1,1,1
2201,2753,Metabolic,1,1,1,1,1,1,1,1,1,1,1
2201,234,Metabolic,1,1,1,1,1,1,1,1,1,1,1
2212,3056,Metabolic,1,1,1,1,1,1,1,1,1,1,1
2212,561,Metabolic,1,1,1,1,1,1,1,1,1,1,1
2212,1686,Metabolic,1,1,1,1,1,1,1,1,1,1,1
2216,700,Metabolic,1,1,1,1,1,1,1,1,1,1,1
2222,3144,Metabolic,1,1,1,1,1,1,1,1,1,1,1
2222,4039,Metabolic,1,1,1,1,1,1,1,1,1,1,1
2226,1998,Metabolic,1,1,1,1,1,1,1,1,1,1,1
2227,1132,Metabolic,1,1,1,1,1,1,1,1,1,1,1
2227,38,Metabolic,1,1,1,1,1,1,1,1,1,1,1
2227,2177,Metabolic,1,1,1,1,1,1,1,1,1,1,1
2227,883,Metabolic,1,1,1,1,1,1,1,1,1,1,1
2227,1982,Metabolic,1,1,1,1,1,1,1,1,1,1,1
2227,3199,Metabolic,1,1,1,1,1,1,1,1,1,1,1
2227,3239,Metabolic,1,1,1,1,1,1,1,1,1,1,1
2239,2449,Metabolic,1,1,1,1,1,1,1,1,1,1,1
2244,2681,Metabolic,1,1,1,1,1,1,1,1,1,1,1
2244,3788,Metabolic,1,1,1,1,1,1,1,1,1,1,1
2246,3624,Metabolic,1,1,1,1,1,1,1,1,1,1,1
2246,523,Metabolic,1,1,1,1,1,1,1,1,1,1,1
2248,3047,Metabolic,1,1,1,1,1,1,1,1,1,1,1
2248,144,Metabolic,1,1,1,1,1,1,1,1,1,1,1
2248,1483,Metabolic,1,1,1,1,1,1,1,1,1,1,1
2259,2418,Metabolic,1,1,1,1,1,1,1,1,1,1,1
2263,2188,Metabolic,1,1,1,1,1,1,1,1,1,1,1
2263,455,Metabolic,1,1,1,1,1,1,1,1,1,1,1
2280,435,Metabolic,1,1,1,1,1,1,1,1,1,1,1
2280,3712,Metabolic,1,1,1,1,1,1,1,1,1,1,1
2284,2014,Metabolic,1,1,1,1,1,1,1,1,1,1,1
2284,2428,Metabolic,1,1,1,1,1,1,1,1,1,1,1
2289,17,Metabolic,1,1,1,1,1,1,1,1,1,1,1
2290,3144,Metabolic,1,1,1,1,1,1,1,1,1,1,1
2290,602,Metabolic,1,1,1,1,1,1,1,1,1,1,1
2290,1226,Metabolic,1,1,1,1,1,1,1,1,1,1,1
2290,126,Metabolic,1,1,1,1,1,1,1,1,1,1,1
2290,376,Metabolic,1,1,1,1,1,1,1,1,1,1,1
2290,2222,Metabolic,1,1,1,1,1,1,1,1,1,1,1
2290,4039,Metabolic,1,1,1,1,1,1,1,1,1,1,1
2297,2502,Metabolic,1,1,1,1,1,1,1,1,1,1,1
2297,614,Metabolic,1,1,1,1,1,1,1,1,1,1,1
2297,1320,Metabolic,1,1,1,1,1,1,1,1,1,1,1
2297,1790,Metabolic,1,1,1,1,1,1,1,1,1,1,1
2297,2449,Metabolic,1,1,1,1,1,1,1,1,1,1,1
2322,111,Metabolic,1,1,1,1,1,1,1,1,1,1,1
2322,2212,Metabolic,1,1,1,1,1,1,1,1,1,1,1
2322,3056,Metabolic,1,1,1,1,1,1,1,1,1,1,1
2322,561,Metabolic,1,1,1,1,1,1,1,1,1,1,1
2322,1686,Metabolic,1,1,1,1,1,1,1,1,1,1,1
2324,418,Metabolic,1,1,1,1,1,1,1,1,1,1,1
2330,1154,Metabolic,1,1,1,1,1,1,1,1,1,1,1
2342,900,Metabolic,1,1,1,1,1,1,1,1,1,1,1
2343,1068,Metabolic,1,1,1,1,1,1,1,1,1,1,1
2343,561,Metabolic,1,1,1,1,1,1,1,1,1,1,1
2343,1686,Metabolic,1,1,1,1,1,1,1,1,1,1,1
2346,2063,Metabolic,1,1,1,1,1,1,1,1,1,1,1
2353,930,Metabolic,1,1,1,1,1,1,1,1,1,1,1
2365,1617,Metabolic,1,1,1,1,1,1,1,1,1,1,1
2393,515,Metabolic,1,1,1,1,1,1,1,1,1,1,1
2396,935,Metabolic,1,1,1,1,1,1,1,1,1,1,1
2397,3270,Metabolic,1,1,1,1,1,1,1,1,1,1,1
2397,218,Metabolic,1,1,1,1,1,1,1,1,1,1,1
2397,1188,Metabolic,1,1,1,1,1,1,1,1,1,1,1
2398,2994,Metabolic,1,1,1,1,1,1,1,1,1,1,1
2398,434,Metabolic,1,1,1,1,1,1,1,1,1,1,1
2398,873,Metabolic,1,1,1,1,1,1,1,1,1,1,1
2398,3649,Metabolic,1,1,1,1,1,1,1,1,1,1,1
2398,3087,Metabolic,1,1,1,1,1,1,1,1,1,1,1
2401,1538,Metabolic,1,1,1,1,1,1,1,1,1,1,1
2401,1302,Metabolic,1,1,1,1,1,1,1,1,1,1,1
2401,3802,Metabolic,1,1,1,1,1,1,1,1,1,1,1
2401,2781,Metabolic,1,1,1,1,1,1,1,1,1,1,1
2406,1164,Metabolic,1,1,1,1,1,1,1,1,1,1,1
2425,1325,Metabolic,1,1,1,1,1,1,1,1,1,1,1
2425,2449,Metabolic,1,1,1,1,1,1,1,1,1,1,1
2425,3680,Metabolic,1,1,1,1,1,1,1,1,1,1,1
2426,3593,Metabolic,1,1,1,1,1,1,1,1,1,1,1
2426,2887,Metabolic,1,1,1,1,1,1,1,1,1,1,1
2428,2014,Metabolic,1,1,1,1,1,1,1,1,1,1,1
2428,2449,Metabolic,1,1,1,1,1,1,1,1,1,1,1
2432,499,Metabolic,1,1,1,1,1,1,1,1,1,1,1
2447,4103,Metabolic,1,1,1,1,1,1,1,1,1,1,1
2447,588,Metabolic,1,1,1,1,1,1,1,1,1,1,1
2449,3842,Metabolic,1,1,1,1,1,1,1,1,1,1,1
2449,4167,Metabolic,1,1,1,1,1,1,1,1,1,1,1
2457,313,Metabolic,1,1,1,1,1,1,1,1,1,1,1
2457,2636,Metabolic,1,1,1,1,1,1,1,1,1,1,1
2457,3243,Metabolic,1,1,1,1,1,1,1,1,1,1,1
2467,779,Metabolic,1,1,1,1,1,1,1,1,1,1,1
2469,572,Metabolic,1,1,1,1,1,1,1,1,1,1,1
2469,439,Metabolic,1,1,1,1,1,1,1,1,1,1,1
2469,731,Metabolic,1,1,1,1,1,1,1,1,1,1,1
2469,1041,Metabolic,1,1,1,1,1,1,1,1,1,1,1
2469,3846,Metabolic,1,1,1,1,1,1,1,1,1,1,1
2469,3490,Metabolic,1,1,1,1,1,1,1,1,1,1,1
2469,2034,Metabolic,1,1,1,1,1,1,1,1,1,1,1
2469,2936,Metabolic,1,1,1,1,1,1,1,1,1,1,1
2469,1329,Metabolic,1,1,1,1,1,1,1,1,1,1,1
2469,120,Metabolic,1,1,1,1,1,1,1,1,1,1,1
2471,124,Metabolic,1,1,1,1,1,1,1,1,1,1,1
2490,985,Metabolic,1,1,1,1,1,1,1,1,1,1,1
2490,15,Metabolic,1,1,1,1,1,1,1,1,1,1,1
2492,2188,Metabolic,1,1,1,1,1,1,1,1,1,1,1
2492,455,Metabolic,1,1,1,1,1,1,1,1,1,1,1
2492,2263,Metabolic,1,1,1,1,1,1,1,1,1,1,1
2500,383,Metabolic,1,1,1,1,1,1,1,1,1,1,1
2500,2791,Metabolic,1,1,1,1,1,1,1,1,1,1,1
2502,1320,Metabolic,1,1,1,1,1,1,1,1,1,1,1
2503,51,Metabolic,1,1,1,1,1,1,1,1,1,1,1
2503,2128,Metabolic,1,1,1,1,1,1,1,1,1,1,1
2503,547,Metabolic,1,1,1,1,1,1,1,1,1,1,1
2503,524,Metabolic,1,1,1,1,1,1,1,1,1,1,1
2503,570,Metabolic,1,1,1,1,1,1,1,1,1,1,1
2503,2449,Metabolic,1,1,1,1,1,1,1,1,1,1,1
2504,1825,Metabolic,1,1,1,1,1,1,1,1,1,1,1
2504,876,Metabolic,1,1,1,1,1,1,1,1,1,1,1
2504,389,Metabolic,1,1,1,1,1,1,1,1,1,1,1
2504,189,Metabolic,1,1,1,1,1,1,1,1,1,1,1
2524,3048,Metabolic,1,1,1,1,1,1,1,1,1,1,1
2524,2794,Metabolic,1,1,1,1,1,1,1,1,1,1,1
2528,4368,Metabolic,1,1,1,1,1,1,1,1,1,1,1
2528,16,Metabolic,1,1,1,1,1,1,1,1,1,1,1
2532,3270,Metabolic,1,1,1,1,1,1,1,1,1,1,1
2532,218,Metabolic,1,1,1,1,1,1,1,1,1,1,1
2533,1187,Metabolic,1,1,1,1,1,1,1,1,1,1,1
2533,3189,Metabolic,1,1,1,1,1,1,1,1,1,1,1
2538,1058,Metabolic,1,1,1,1,1,1,1,1,1,1,1
2555,1127,Metabolic,1,1,1,1,1,1,1,1,1,1,1
2568,453,Metabolic,1,1,1,1,1,1,1,1,1,1,1
2570,2703,Metabolic,1,1,1,1,1,1,1,1,1,1,1
2570,3316,Metabolic,1,1,1,1,1,1,1,1,1,1,1
2570,3300,Metabolic,1,1,1,1,1,1,1,1,1,1,1
2570,380,Metabolic,1,1,1,1,1,1,1,1,1,1,1
2584,2723,Metabolic,1,1,1,1,1,1,1,1,1,1,1
2584,2974,Metabolic,1,1,1,1,1,1,1,1,1,1,1
2589,1782,Metabolic,1,1,1,1,1,1,1,1,1,1,1
2595,3758,Metabolic,1,1,1,1,1,1,1,1,1,1,1
2601,3635,Metabolic,1,1,1,1,1,1,1,1,1,1,1
2601,206,Metabolic,1,1,1,1,1,1,1,1,1,1,1
2605,2280,Metabolic,1,1,1,1,1,1,1,1,1,1,1
2606,1966,Metabolic,1,1,1,1,1,1,1,1,1,1,1
2611,1508,Metabolic,1,1,1,1,1,1,1,1,1,1,1
2614,216,Metabolic,1,1,1,1,1,1,1,1,1,1,1
2614,2982,Metabolic,1,1,1,1,1,1,1,1,1,1,1
2617,1820,Metabolic,1,1,1,1,1,1,1,1,1,1,1
2617,3311,Metabolic,1,1,1,1,1,1,1,1,1,1,1
2617,1712,Metabolic,1,1,1,1,1,1,1,1,1,1,1
2624,2772,Metabolic,1,1,1,1,1,1,1,1,1,1,1
2624,561,Metabolic,1,1,1,1,1,1,1,1,1,1,1
2624,1686,Metabolic,1,1,1,1,1,1,1,1,1,1,1
2624,1728,Metabolic,1,1,1,1,1,1,1,1,1,1,1
2625,2449,Metabolic,1,1,1,1,1,1,1,1,1,1,1
2626,2983,Metabolic,1,1,1,1,1,1,1,1,1,1,1
2626,41,Metabolic,1,1,1,1,1,1,1,1,1,1,1
2629,1634,Metabolic,1,1,1,1,1,1,1,1,1,1,1
2629,1033,Metabolic,1,1,1,1,1,1,1,1,1,1,1
2629,2449,Metabolic,1,1,1,1,1,1,1,1,1,1,1
2636,861,Metabolic,1,1,1,1,1,1,1,1,1,1,1
2636,313,Metabolic,1,1,1,1,1,1,1,1,1,1,1
2636,231,Metabolic,1,1,1,1,1,1,1,1,1,1,1
2636,3279,Metabolic,1,1,1,1,1,1,1,1,1,1,1
2636,3243,Metabolic,1,1,1,1,1,1,1,1,1,1,1
2641,2076,Metabolic,1,1,1,1,1,1,1,1,1,1,1
2641,1641,Metabolic,1,1,1,1,1,1,1,1,1,1,1
2646,2693,Metabolic,1,1,1,1,1,1,1,1,1,1,1
2646,1770,Metabolic,1,1,1,1,1,1,1,1,1,1,1
2661,2164,Metabolic,1,1,1,1,1,1,1,1,1,1,1
2661,2425,Metabolic,1,1,1,1,1,1,1,1,1,1,1
2663,1788,Metabolic,1,1,1,1,1,1,1,1,1,1,1
2663,3866,Metabolic,1,1,1,1,1,1,1,1,1,1,1
2663,1200,Metabolic,1,1,1,1,1,1,1,1,1,1,1
2663,1378,Metabolic,1,1,1,1,1,1,1,1,1,1,1
2663,1938,Metabolic,1,1,1,1,1,1,1,1,1,1,1
2666,1095,Metabolic,1,1,1,1,1,1,1,1,1,1,1
2681,2882,Metabolic,1,1,1,1,1,1,1,1,1,1,1
2681,3788,Metabolic,1,1,1,1,1,1,1,1,1,1,1
2688,2853,Metabolic,1,1,1,1,1,1,1,1,1,1,1
2693,1770,Metabolic,1,1,1,1,1,1,1,1,1,1,1
2697,403,Metabolic,1,1,1,1,1,1,1,1,1,1,1
2697,1294,Metabolic,1,1,1,1,1,1,1,1,1,1,1
2699,277,Metabolic,1,1,1,1,1,1,1,1,1,1,1
2699,1793,Metabolic,1,1,1,1,1,1,1,1,1,1,1
2699,3060,Metabolic,1,1,1,1,1,1,1,1,1,1,1
2703,3316,Metabolic,1,1,1,1,1,1,1,1,1,1,1
2714,2449,Metabolic,1,1,1,1,1,1,1,1,1,1,1
2718,3785,Metabolic,1,1,1,1,1,1,1,1,1,1,1
2718,17,Metabolic,1,1,1,1,1,1,1,1,1,1,1
2722,3343,Metabolic,1,1,1,1,1,1,1,1,1,1,1
2722,2818,Metabolic,1,1,1,1,1,1,1,1,1,1,1
2722,3194,Metabolic,1,1,1,1,1,1,1,1,1,1,1
2722,2601,Metabolic,1,1,1,1,1,1,1,1,1,1,1
2722,3635,Metabolic,1,1,1,1,1,1,1,1,1,1,1
2722,666,Metabolic,1,1,1,1,1,1,1,1,1,1,1
2722,877,Metabolic,1,1,1,1,1,1,1,1,1,1,1
2722,206,Metabolic,1,1,1,1,1,1,1,1,1,1,1
2723,2974,Metabolic,1,1,1,1,1,1,1,1,1,1,1
2726,2322,Metabolic,1,1,1,1,1,1,1,1,1,1,1
2726,673,Metabolic,1,1,1,1,1,1,1,1,1,1,1
2730,526,Metabolic,1,1,1,1,1,1,1,1,1,1,1
2737,2284,Metabolic,1,1,1,1,1,1,1,1,1,1,1
2745,3227,Metabolic,1,1,1,1,1,1,1,1,1,1,1
2745,2964,Metabolic,1,1,1,1,1,1,1,1,1,1,1
2745,1877,Metabolic,1,1,1,1,1,1,1,1,1,1,1
2745,2162,Metabolic,1,1,1,1,1,1,1,1,1,1,1
2745,101,Metabolic,1,1,1,1,1,1,1,1,1,1,1
2745,138,Metabolic,1,1,1,1,1,1,1,1,1,1,1
2751,3777,Metabolic,1,1,1,1,1,1,1,1,1,1,1
2751,3142,Metabolic,1,1,1,1,1,1,1,1,1,1,1
2751,417,Metabolic,1,1,1,1,1,1,1,1,1,1,1
2751,3305,Metabolic,1,1,1,1,1,1,1,1,1,1,1
2751,604,Metabolic,1,1,1,1,1,1,1,1,1,1,1
2751,419,Metabolic,1,1,1,1,1,1,1,1,1,1,1
2753,1109,Metabolic,1,1,1,1,1,1,1,1,1,1,1
2753,884,Metabolic,1,1,1,1,1,1,1,1,1,1,1
2755,1349,Metabolic,1,1,1,1,1,1,1,1,1,1,1
2755,1942,Metabolic,1,1,1,1,1,1,1,1,1,1,1
2755,728,Metabolic,1,1,1,1,1,1,1,1,1,1,1
2755,3476,Metabolic,1,1,1,1,1,1,1,1,1,1,1
2760,1109,Metabolic,1,1,1,1,1,1,1,1,1,1,1
2760,2753,Metabolic,1,1,1,1,1,1,1,1,1,1,1
2771,441,Metabolic,1,1,1,1,1,1,1,1,1,1,1
2779,2121,Metabolic,1,1,1,1,1,1,1,1,1,1,1
2779,806,Metabolic,1,1,1,1,1,1,1,1,1,1,1
2779,855,Metabolic,1,1,1,1,1,1,1,1,1,1,1
2779,2617,Metabolic,1,1,1,1,1,1,1,1,1,1,1
2781,1478,Metabolic,1,1,1,1,1,1,1,1,1,1,1
2781,2078,Metabolic,1,1,1,1,1,1,1,1,1,1,1
2781,1538,Metabolic,1,1,1,1,1,1,1,1,1,1,1
2781,1302,Metabolic,1,1,1,1,1,1,1,1,1,1,1
2781,3802,Metabolic,1,1,1,1,1,1,1,1,1,1,1
2788,2060,Metabolic,1,1,1,1,1,1,1,1,1,1,1
2791,479,Metabolic,1,1,1,1,1,1,1,1,1,1,1
2791,891,Metabolic,1,1,1,1,1,1,1,1,1,1,1
2791,3993,Metabolic,1,1,1,1,1,1,1,1,1,1,1
2791,1677,Metabolic,1,1,1,1,1,1,1,1,1,1,1
2794,2921,Metabolic,1,1,1,1,1,1,1,1,1,1,1
2794,1070,Metabolic,1,1,1,1,1,1,1,1,1,1,1
2802,3735,Metabolic,1,1,1,1,1,1,1,1,1,1,1
2806,798,Metabolic,1,1,1,1,1,1,1,1,1,1,1
2807,3270,Metabolic,1,1,1,1,1,1,1,1,1,1,1
2807,4113,Metabolic,1,1,1,1,1,1,1,1,1,1,1
2807,955,Metabolic,1,1,1,1,1,1,1,1,1,1,1
2807,2089,Metabolic,1,1,1,1,1,1,1,1,1,1,1
2807,1800,Metabolic,1,1,1,1,1,1,1,1,1,1,1
2811,2981,Metabolic,1,1,1,1,1,1,1,1,1,1,1
2811,2665,Metabolic,1,1,1,1,1,1,1,1,1,1,1
2818,3194,Metabolic,1,1,1,1,1,1,1,1,1,1,1
2818,2601,Metabolic,1,1,1,1,1,1,1,1,1,1,1
2818,3635,Metabolic,1,1,1,1,1,1,1,1,1,1,1
2818,206,Metabolic,1,1,1,1,1,1,1,1,1,1,1
2825,3652,Metabolic,1,1,1,1,1,1,1,1,1,1,1
2825,568,Metabolic,1,1,1,1,1,1,1,1,1,1,1
2835,2060,Metabolic,1,1,1,1,1,1,1,1,1,1,1
2835,2788,Metabolic,1,1,1,1,1,1,1,1,1,1,1
2846,479,Metabolic,1,1,1,1,1,1,1,1,1,1,1
2846,2164,Metabolic,1,1,1,1,1,1,1,1,1,1,1
2846,3708,Metabolic,1,1,1,1,1,1,1,1,1,1,1
2849,1108,Metabolic,1,1,1,1,1,1,1,1,1,1,1
2853,4167,Metabolic,1,1,1,1,1,1,1,1,1,1,1
2855,1909,Metabolic,1,1,1,1,1,1,1,1,1,1,1
2863,2449,Metabolic,1,1,1,1,1,1,1,1,1,1,1
2863,3235,Metabolic,1,1,1,1,1,1,1,1,1,1,1
2863,338,Metabolic,1,1,1,1,1,1,1,1,1,1,1
2863,3282,Metabolic,1,1,1,1,1,1,1,1,1,1,1
2863,3778,Metabolic,1,1,1,1,1,1,1,1,1,1,1
2863,30,Metabolic,1,1,1,1,1,1,1,1,1,1,1
2865,1366,Metabolic,1,1,1,1,1,1,1,1,1,1,1
2871,2702,Metabolic,1,1,1,1,1,1,1,1,1,1,1
2873,78,Metabolic,1,1,1,1,1,1,1,1,1,1,1
2875,934,Metabolic,1,1,1,1,1,1,1,1,1,1,1
2879,2284,Metabolic,1,1,1,1,1,1,1,1,1,1,1
2881,876,Metabolic,1,1,1,1,1,1,1,1,1,1,1
2881,389,Metabolic,1,1,1,1,1,1,1,1,1,1,1
2881,189,Metabolic,1,1,1,1,1,1,1,1,1,1,1
2882,1562,Metabolic,1,1,1,1,1,1,1,1,1,1,1
2882,2983,Metabolic,1,1,1,1,1,1,1,1,1,1,1
2887,453,Metabolic,1,1,1,1,1,1,1,1,1,1,1
2887,910,Metabolic,1,1,1,1,1,1,1,1,1,1,1
2895,68,Metabolic,1,1,1,1,1,1,1,1,1,1,1
2895,3188,Metabolic,1,1,1,1,1,1,1,1,1,1,1
2895,1016,Metabolic,1,1,1,1,1,1,1,1,1,1,1
2897,1829,Metabolic,1,1,1,1,1,1,1,1,1,1,1
2897,2849,Metabolic,1,1,1,1,1,1,1,1,1,1,1
2898,255,Metabolic,1,1,1,1,1,1,1,1,1,1,1
2898,1894,Metabolic,1,1,1,1,1,1,1,1,1,1,1
2921,1070,Metabolic,1,1,1,1,1,1,1,1,1,1,1
2936,1329,Metabolic,1,1,1,1,1,1,1,1,1,1,1
2936,120,Metabolic,1,1,1,1,1,1,1,1,1,1,1
2946,1209,Metabolic,1,1,1,1,1,1,1,1,1,1,1
2962,3673,Metabolic,1,1,1,1,1,1,1,1,1,1,1
2964,3227,Metabolic,1,1,1,1,1,1,1,1,1,1,1
2964,1877,Metabolic,1,1,1,1,1,1,1,1,1,1,1
2964,2162,Metabolic,1,1,1,1,1,1,1,1,1,1,1
2964,101,Metabolic,1,1,1,1,1,1,1,1,1,1,1
2964,138,Metabolic,1,1,1,1,1,1,1,1,1,1,1
2974,3877,Metabolic,1,1,1,1,1,1,1,1,1,1,1
2974,2965,Metabolic,1,1,1,1,1,1,1,1,1,1,1
2974,490,Metabolic,1,1,1,1,1,1,1,1,1,1,1
2974,561,Metabolic,1,1,1,1,1,1,1,1,1,1,1
2974,1686,Metabolic,1,1,1,1,1,1,1,1,1,1,1
2974,1303,Metabolic,1,1,1,1,1,1,1,1,1,1,1
2974,255,Metabolic,1,1,1,1,1,1,1,1,1,1,1
2974,1894,Metabolic,1,1,1,1,1,1,1,1,1,1,1
2974,2898,Metabolic,1,1,1,1,1,1,1,1,1,1,1
2977,1414,Metabolic,1,1,1,1,1,1,1,1,1,1,1
2981,2665,Metabolic,1,1,1,1,1,1,1,1,1,1,1
2982,473,Metabolic,1,1,1,1,1,1,1,1,1,1,1
2982,2449,Metabolic,1,1,1,1,1,1,1,1,1,1,1
2983,1141,Metabolic,1,1,1,1,1,1,1,1,1,1,1
2984,606,Metabolic,1,1,1,1,1,1,1,1,1,1,1
2994,873,Metabolic,1,1,1,1,1,1,1,1,1,1,1
2994,3087,Metabolic,1,1,1,1,1,1,1,1,1,1,1
2998,3182,Metabolic,1,1,1,1,1,1,1,1,1,1,1
3010,1659,Metabolic,1,1,1,1,1,1,1,1,1,1,1
3015,3418,Metabolic,1,1,1,1,1,1,1,1,1,1,1
3015,163,Metabolic,1,1,1,1,1,1,1,1,1,1,1
3028,2873,Metabolic,1,1,1,1,1,1,1,1,1,1,1
3028,3183,Metabolic,1,1,1,1,1,1,1,1,1,1,1
3036,2216,Metabolic,1,1,1,1,1,1,1,1,1,1,1
3043,1396,Metabolic,1,1,1,1,1,1,1,1,1,1,1
3043,3832,Metabolic,1,1,1,1,1,1,1,1,1,1,1
3056,561,Metabolic,1,1,1,1,1,1,1,1,1,1,1
3056,1686,Metabolic,1,1,1,1,1,1,1,1,1,1,1
3060,2055,Metabolic,1,1,1,1,1,1,1,1,1,1,1
3062,1549,Metabolic,1,1,1,1,1,1,1,1,1,1,1
3071,114,Metabolic,1,1,1,1,1,1,1,1,1,1,1
3082,2558,Metabolic,1,1,1,1,1,1,1,1,1,1,1
3083,1749,Metabolic,1,1,1,1,1,1,1,1,1,1,1
3089,1605,Metabolic,1,1,1,1,1,1,1,1,1,1,1
3090,2226,Metabolic,1,1,1,1,1,1,1,1,1,1,1
3097,606,Metabolic,1,1,1,1,1,1,1,1,1,1,1
3097,2984,Metabolic,1,1,1,1,1,1,1,1,1,1,1
3104,2702,Metabolic,1,1,1,1,1,1,1,1,1,1,1
3104,2871,Metabolic,1,1,1,1,1,1,1,1,1,1,1
3104,636,Metabolic,1,1,1,1,1,1,1,1,1,1,1
3111,1177,Metabolic,1,1,1,1,1,1,1,1,1,1,1
3111,2977,Metabolic,1,1,1,1,1,1,1,1,1,1,1
3118,3239,Metabolic,1,1,1,1,1,1,1,1,1,1,1
3124,2449,Metabolic,1,1,1,1,1,1,1,1,1,1,1
3128,3985,Metabolic,1,1,1,1,1,1,1,1,1,1,1
3128,1401,Metabolic,1,1,1,1,1,1,1,1,1,1,1
3128,1730,Metabolic,1,1,1,1,1,1,1,1,1,1,1
3128,1777,Metabolic,1,1,1,1,1,1,1,1,1,1,1
3128,948,Metabolic,1,1,1,1,1,1,1,1,1,1,1
3128,2162,Metabolic,1,1,1,1,1,1,1,1,1,1,1
3137,121,Metabolic,1,1,1,1,1,1,1,1,1,1,1
3137,3615,Metabolic,1,1,1,1,1,1,1,1,1,1,1
3137,561,Metabolic,1,1,1,1,1,1,1,1,1,1,1
3137,1686,Metabolic,1,1,1,1,1,1,1,1,1,1,1
3138,1321,Metabolic,1,1,1,1,1,1,1,1,1,1,1
3139,2061,Metabolic,1,1,1,1,1,1,1,1,1,1,1
3141,4163,Metabolic,1,1,1,1,1,1,1,1,1,1,1
3142,4368,Metabolic,1,1,1,1,1,1,1,1,1,1,1
3142,417,Metabolic,1,1,1,1,1,1,1,1,1,1,1
3142,2528,Metabolic,1,1,1,1,1,1,1,1,1,1,1
3143,2681,Metabolic,1,1,1,1,1,1,1,1,1,1,1
3143,3788,Metabolic,1,1,1,1,1,1,1,1,1,1,1
3143,2244,Metabolic,1,1,1,1,1,1,1,1,1,1,1
3144,3144,Metabolic,1,1,1,1,1,1,1,1,1,1,1
3144,904,Metabolic,1,1,1,1,1,1,1,1,1,1,1
3144,602,Metabolic,1,1,1,1,1,1,1,1,1,1,1
3144,1226,Metabolic,1,1,1,1,1,1,1,1,1,1,1
3144,376,Metabolic,1,1,1,1,1,1,1,1,1,1,1
3159,1506,Metabolic,1,1,1,1,1,1,1,1,1,1,1
3159,207,Metabolic,1,1,1,1,1,1,1,1,1,1,1
3160,676,Metabolic,1,1,1,1,1,1,1,1,1,1,1
3160,1192,Metabolic,1,1,1,1,1,1,1,1,1,1,1
3160,2897,Metabolic,1,1,1,1,1,1,1,1,1,1,1
3160,1110,Metabolic,1,1,1,1,1,1,1,1,1,1,1
3167,2125,Metabolic,1,1,1,1,1,1,1,1,1,1,1
3169,3901,Metabolic,1,1,1,1,1,1,1,1,1,1,1
3171,3048,Metabolic,1,1,1,1,1,1,1,1,1,1,1
3171,3448,Metabolic,1,1,1,1,1,1,1,1,1,1,1
3171,2524,Metabolic,1,1,1,1,1,1,1,1,1,1,1
3171,2794,Metabolic,1,1,1,1,1,1,1,1,1,1,1
3173,3938,Metabolic,1,1,1,1,1,1,1,1,1,1,1
3177,101,Metabolic,1,1,1,1,1,1,1,1,1,1,1
3177,2921,Metabolic,1,1,1,1,1,1,1,1,1,1,1
3177,1070,Metabolic,1,1,1,1,1,1,1,1,1,1,1
3183,309,Metabolic,1,1,1,1,1,1,1,1,1,1,1
3183,2037,Metabolic,1,1,1,1,1,1,1,1,1,1,1
3188,1118,Metabolic,1,1,1,1,1,1,1,1,1,1,1
3188,1016,Metabolic,1,1,1,1,1,1,1,1,1,1,1
3188,2189,Metabolic,1,1,1,1,1,1,1,1,1,1,1
3189,1187,Metabolic,1,1,1,1,1,1,1,1,1,1,1
3191,1952,Metabolic,1,1,1,1,1,1,1,1,1,1,1
3191,1239,Metabolic,1,1,1,1,1,1,1,1,1,1,1
3193,1875,Metabolic,1,1,1,1,1,1,1,1,1,1,1
3194,2601,Metabolic,1,1,1,1,1,1,1,1,1,1,1
3194,3635,Metabolic,1,1,1,1,1,1,1,1,1,1,1
3194,206,Metabolic,1,1,1,1,1,1,1,1,1,1,1
3198,1285,Metabolic,1,1,1,1,1,1,1,1,1,1,1
3198,3575,Metabolic,1,1,1,1,1,1,1,1,1,1,1
3199,3118,Metabolic,1,1,1,1,1,1,1,1,1,1,1
3199,2502,Metabolic,1,1,1,1,1,1,1,1,1,1,1
3199,1790,Metabolic,1,1,1,1,1,1,1,1,1,1,1
3199,433,Metabolic,1,1,1,1,1,1,1,1,1,1,1
3199,3707,Metabolic,1,1,1,1,1,1,1,1,1,1,1
3199,883,Metabolic,1,1,1,1,1,1,1,1,1,1,1
3199,3478,Metabolic,1,1,1,1,1,1,1,1,1,1,1
3204,1837,Metabolic,1,1,1,1,1,1,1,1,1,1,1
3204,2449,Metabolic,1,1,1,1,1,1,1,1,1,1,1
3207,2449,Metabolic,1,1,1,1,1,1,1,1,1,1,1
3215,225,Metabolic,1,1,1,1,1,1,1,1,1,1,1
3216,3624,Metabolic,1,1,1,1,1,1,1,1,1,1,1
3216,523,Metabolic,1,1,1,1,1,1,1,1,1,1,1
3216,2246,Metabolic,1,1,1,1,1,1,1,1,1,1,1
3217,2698,Metabolic,1,1,1,1,1,1,1,1,1,1,1
3217,101,Metabolic,1,1,1,1,1,1,1,1,1,1,1
3217,4110,Metabolic,1,1,1,1,1,1,1,1,1,1,1
3223,3223,Metabolic,1,1,1,1,1,1,1,1,1,1,1
3223,740,Metabolic,1,1,1,1,1,1,1,1,1,1,1
3227,840,Metabolic,1,1,1,1,1,1,1,1,1,1,1
3227,138,Metabolic,1,1,1,1,1,1,1,1,1,1,1
3235,338,Metabolic,1,1,1,1,1,1,1,1,1,1,1
3235,3282,Metabolic,1,1,1,1,1,1,1,1,1,1,1
3235,3778,Metabolic,1,1,1,1,1,1,1,1,1,1,1
3238,2050,Metabolic,1,1,1,1,1,1,1,1,1,1,1
3239,3458,Metabolic,1,1,1,1,1,1,1,1,1,1,1
3239,1132,Metabolic,1,1,1,1,1,1,1,1,1,1,1
3243,2983,Metabolic,1,1,1,1,1,1,1,1,1,1,1
3264,494,Metabolic,1,1,1,1,1,1,1,1,1,1,1
3264,1477,Metabolic,1,1,1,1,1,1,1,1,1,1,1
3270,2449,Metabolic,1,1,1,1,1,1,1,1,1,1,1
3270,1800,Metabolic,1,1,1,1,1,1,1,1,1,1,1
3279,219,Metabolic,1,1,1,1,1,1,1,1,1,1,1
3282,3778,Metabolic,1,1,1,1,1,1,1,1,1,1,1
3284,798,Metabolic,1,1,1,1,1,1,1,1,1,1,1
3284,1188,Metabolic,1,1,1,1,1,1,1,1,1,1,1
3284,1553,Metabolic,1,1,1,1,1,1,1,1,1,1,1
3284,96,Metabolic,1,1,1,1,1,1,1,1,1,1,1
3297,3270,Metabolic,1,1,1,1,1,1,1,1,1,1,1
3297,218,Metabolic,1,1,1,1,1,1,1,1,1,1,1
3300,380,Metabolic,1,1,1,1,1,1,1,1,1,1,1
3305,3777,Metabolic,1,1,1,1,1,1,1,1,1,1,1
3305,3142,Metabolic,1,1,1,1,1,1,1,1,1,1,1
3305,417,Metabolic,1,1,1,1,1,1,1,1,1,1,1
3305,604,Metabolic,1,1,1,1,1,1,1,1,1,1,1
3305,419,Metabolic,1,1,1,1,1,1,1,1,1,1,1
3311,1712,Metabolic,1,1,1,1,1,1,1,1,1,1,1
3317,561,Metabolic,1,1,1,1,1,1,1,1,1,1,1
3317,1686,Metabolic,1,1,1,1,1,1,1,1,1,1,1
3321,3624,Metabolic,1,1,1,1,1,1,1,1,1,1,1
3321,523,Metabolic,1,1,1,1,1,1,1,1,1,1,1
3321,3216,Metabolic,1,1,1,1,1,1,1,1,1,1,1
3321,3610,Metabolic,1,1,1,1,1,1,1,1,1,1,1
3321,2246,Metabolic,1,1,1,1,1,1,1,1,1,1,1
3321,1906,Metabolic,1,1,1,1,1,1,1,1,1,1,1
3321,3321,Metabolic,1,1,1,1,1,1,1,1,1,1,1
3339,124,Metabolic,1,1,1,1,1,1,1,1,1,1,1
3339,2342,Metabolic,1,1,1,1,1,1,1,1,1,1,1
3339,1522,Metabolic,1,1,1,1,1,1,1,1,1,1,1
3343,2818,Metabolic,1,1,1,1,1,1,1,1,1,1,1
3343,3194,Metabolic,1,1,1,1,1,1,1,1,1,1,1
3343,2601,Metabolic,1,1,1,1,1,1,1,1,1,1,1
3343,3635,Metabolic,1,1,1,1,1,1,1,1,1,1,1
3343,206,Metabolic,1,1,1,1,1,1,1,1,1,1,1
3354,2395,Metabolic,1,1,1,1,1,1,1,1,1,1,1
3368,3433,Metabolic,1,1,1,1,1,1,1,1,1,1,1
3368,4050,Metabolic,1,1,1,1,1,1,1,1,1,1,1
3377,3973,Metabolic,1,1,1,1,1,1,1,1,1,1,1
3377,3577,Metabolic,1,1,1,1,1,1,1,1,1,1,1
3390,2661,Metabolic,1,1,1,1,1,1,1,1,1,1,1
3397,1919,Metabolic,1,1,1,1,1,1,1,1,1,1,1
3397,708,Metabolic,1,1,1,1,1,1,1,1,1,1,1
3397,310,Metabolic,1,1,1,1,1,1,1,1,1,1,1
3425,2597,Metabolic,1,1,1,1,1,1,1,1,1,1,1
3425,838,Metabolic,1,1,1,1,1,1,1,1,1,1,1
3425,307,Metabolic,1,1,1,1,1,1,1,1,1,1,1
3433,4050,Metabolic,1,1,1,1,1,1,1,1,1,1,1
3437,3471,Metabolic,1,1,1,1,1,1,1,1,1,1,1
3445,1936,Metabolic,1,1,1,1,1,1,1,1,1,1,1
3445,3607,Metabolic,1,1,1,1,1,1,1,1,1,1,1
3447,3159,Metabolic,1,1,1,1,1,1,1,1,1,1,1
3448,2524,Metabolic,1,1,1,1,1,1,1,1,1,1,1
3454,1454,Metabolic,1,1,1,1,1,1,1,1,1,1,1
3454,2114,Metabolic,1,1,1,1,1,1,1,1,1,1,1
3454,933,Metabolic,1,1,1,1,1,1,1,1,1,1,1
3458,41,Metabolic,1,1,1,1,1,1,1,1,1,1,1
3459,1463,Metabolic,1,1,1,1,1,1,1,1,1,1,1
3459,4099,Metabolic,1,1,1,1,1,1,1,1,1,1,1
3459,2101,Metabolic,1,1,1,1,1,1,1,1,1,1,1
3459,2636,Metabolic,1,1,1,1,1,1,1,1,1,1,1
3466,2033,Metabolic,1,1,1,1,1,1,1,1,1,1,1
3466,3898,Metabolic,1,1,1,1,1,1,1,1,1,1,1
3466,2563,Metabolic,1,1,1,1,1,1,1,1,1,1,1
3468,616,Metabolic,1,1,1,1,1,1,1,1,1,1,1
3468,2568,Metabolic,1,1,1,1,1,1,1,1,1,1,1
3474,1663,Metabolic,1,1,1,1,1,1,1,1,1,1,1
3476,2688,Metabolic,1,1,1,1,1,1,1,1,1,1,1
3476,1216,Metabolic,1,1,1,1,1,1,1,1,1,1,1
3476,1942,Metabolic,1,1,1,1,1,1,1,1,1,1,1
3476,2887,Metabolic,1,1,1,1,1,1,1,1,1,1,1
3476,728,Metabolic,1,1,1,1,1,1,1,1,1,1,1
3478,1177,Metabolic,1,1,1,1,1,1,1,1,1,1,1
3478,1320,Metabolic,1,1,1,1,1,1,1,1,1,1,1
3478,2977,Metabolic,1,1,1,1,1,1,1,1,1,1,1
3488,4100,Metabolic,1,1,1,1,1,1,1,1,1,1,1
3490,2034,Metabolic,1,1,1,1,1,1,1,1,1,1,1
3490,2936,Metabolic,1,1,1,1,1,1,1,1,1,1,1
3490,1329,Metabolic,1,1,1,1,1,1,1,1,1,1,1
3490,120,Metabolic,1,1,1,1,1,1,1,1,1,1,1
3509,1374,Metabolic,1,1,1,1,1,1,1,1,1,1,1
3518,2071,Metabolic,1,1,1,1,1,1,1,1,1,1,1
3518,2016,Metabolic,1,1,1,1,1,1,1,1,1,1,1
3518,1749,Metabolic,1,1,1,1,1,1,1,1,1,1,1
3518,1509,Metabolic,1,1,1,1,1,1,1,1,1,1,1
3522,1030,Metabolic,1,1,1,1,1,1,1,1,1,1,1
3522,1209,Metabolic,1,1,1,1,1,1,1,1,1,1,1
3523,643,Metabolic,1,1,1,1,1,1,1,1,1,1,1
3534,3227,Metabolic,1,1,1,1,1,1,1,1,1,1,1
3534,284,Metabolic,1,1,1,1,1,1,1,1,1,1,1
3534,3478,Metabolic,1,1,1,1,1,1,1,1,1,1,1
3534,3199,Metabolic,1,1,1,1,1,1,1,1,1,1,1
3534,138,Metabolic,1,1,1,1,1,1,1,1,1,1,1
3565,1149,Metabolic,1,1,1,1,1,1,1,1,1,1,1
3565,3224,Metabolic,1,1,1,1,1,1,1,1,1,1,1
3575,106,Metabolic,1,1,1,1,1,1,1,1,1,1,1
3575,1109,Metabolic,1,1,1,1,1,1,1,1,1,1,1
3575,564,Metabolic,1,1,1,1,1,1,1,1,1,1,1
3575,2887,Metabolic,1,1,1,1,1,1,1,1,1,1,1
3575,1285,Metabolic,1,1,1,1,1,1,1,1,1,1,1
3577,1118,Metabolic,1,1,1,1,1,1,1,1,1,1,1
3577,735,Metabolic,1,1,1,1,1,1,1,1,1,1,1
3579,1074,Metabolic,1,1,1,1,1,1,1,1,1,1,1
3579,2555,Metabolic,1,1,1,1,1,1,1,1,1,1,1
3579,1127,Metabolic,1,1,1,1,1,1,1,1,1,1,1
3580,3171,Metabolic,1,1,1,1,1,1,1,1,1,1,1
3580,2524,Metabolic,1,1,1,1,1,1,1,1,1,1,1
3586,1048,Metabolic,1,1,1,1,1,1,1,1,1,1,1
3586,1994,Metabolic,1,1,1,1,1,1,1,1,1,1,1
3586,3869,Metabolic,1,1,1,1,1,1,1,1,1,1,1
3593,1216,Metabolic,1,1,1,1,1,1,1,1,1,1,1
3593,453,Metabolic,1,1,1,1,1,1,1,1,1,1,1
3593,2887,Metabolic,1,1,1,1,1,1,1,1,1,1,1
3593,910,Metabolic,1,1,1,1,1,1,1,1,1,1,1
3593,3476,Metabolic,1,1,1,1,1,1,1,1,1,1,1
3610,3624,Metabolic,1,1,1,1,1,1,1,1,1,1,1
3610,523,Metabolic,1,1,1,1,1,1,1,1,1,1,1
3610,3216,Metabolic,1,1,1,1,1,1,1,1,1,1,1
3610,3610,Metabolic,1,1,1,1,1,1,1,1,1,1,1
3610,2246,Metabolic,1,1,1,1,1,1,1,1,1,1,1
3615,561,Metabolic,1,1,1,1,1,1,1,1,1,1,1
3615,1686,Metabolic,1,1,1,1,1,1,1,1,1,1,1
3616,3377,Metabolic,1,1,1,1,1,1,1,1,1,1,1
3624,523,Metabolic,1,1,1,1,1,1,1,1,1,1,1
3635,206,Metabolic,1,1,1,1,1,1,1,1,1,1,1
3645,3737,Metabolic,1,1,1,1,1,1,1,1,1,1,1
3645,4124,Metabolic,1,1,1,1,1,1,1,1,1,1,1
3645,1396,Metabolic,1,1,1,1,1,1,1,1,1,1,1
3645,1821,Metabolic,1,1,1,1,1,1,1,1,1,1,1
3645,486,Metabolic,1,1,1,1,1,1,1,1,1,1,1
3645,865,Metabolic,1,1,1,1,1,1,1,1,1,1,1
3647,2745,Metabolic,1,1,1,1,1,1,1,1,1,1,1
3647,2964,Metabolic,1,1,1,1,1,1,1,1,1,1,1
3647,2393,Metabolic,1,1,1,1,1,1,1,1,1,1,1
3647,1617,Metabolic,1,1,1,1,1,1,1,1,1,1,1
3649,2994,Metabolic,1,1,1,1,1,1,1,1,1,1,1
3649,434,Metabolic,1,1,1,1,1,1,1,1,1,1,1
3649,873,Metabolic,1,1,1,1,1,1,1,1,1,1,1
3649,3087,Metabolic,1,1,1,1,1,1,1,1,1,1,1
3652,798,Metabolic,1,1,1,1,1,1,1,1,1,1,1
3658,2882,Metabolic,1,1,1,1,1,1,1,1,1,1,1
3658,2626,Metabolic,1,1,1,1,1,1,1,1,1,1,1
3658,1141,Metabolic,1,1,1,1,1,1,1,1,1,1,1
3658,2983,Metabolic,1,1,1,1,1,1,1,1,1,1,1
3664,411,Metabolic,1,1,1,1,1,1,1,1,1,1,1
3680,1325,Metabolic,1,1,1,1,1,1,1,1,1,1,1
3704,1474,Metabolic,1,1,1,1,1,1,1,1,1,1,1
3705,561,Metabolic,1,1,1,1,1,1,1,1,1,1,1
3705,1686,Metabolic,1,1,1,1,1,1,1,1,1,1,1
3705,2181,Metabolic,1,1,1,1,1,1,1,1,1,1,1
3705,679,Metabolic,1,1,1,1,1,1,1,1,1,1,1
3705,36,Metabolic,1,1,1,1,1,1,1,1,1,1,1
3707,2502,Metabolic,1,1,1,1,1,1,1,1,1,1,1
3707,1320,Metabolic,1,1,1,1,1,1,1,1,1,1,1
3707,1790,Metabolic,1,1,1,1,1,1,1,1,1,1,1
3712,435,Metabolic,1,1,1,1,1,1,1,1,1,1,1
3726,2227,Metabolic,1,1,1,1,1,1,1,1,1,1,1
3726,1982,Metabolic,1,1,1,1,1,1,1,1,1,1,1
3736,1219,Metabolic,1,1,1,1,1,1,1,1,1,1,1
3737,4124,Metabolic,1,1,1,1,1,1,1,1,1,1,1
3737,1396,Metabolic,1,1,1,1,1,1,1,1,1,1,1
3737,1821,Metabolic,1,1,1,1,1,1,1,1,1,1,1
3737,486,Metabolic,1,1,1,1,1,1,1,1,1,1,1
3737,865,Metabolic,1,1,1,1,1,1,1,1,1,1,1
3738,17,Metabolic,1,1,1,1,1,1,1,1,1,1,1
3742,2216,Metabolic,1,1,1,1,1,1,1,1,1,1,1
3751,3223,Metabolic,1,1,1,1,1,1,1,1,1,1,1
3757,601,Metabolic,1,1,1,1,1,1,1,1,1,1,1
3757,2939,Metabolic,1,1,1,1,1,1,1,1,1,1,1
3758,2882,Metabolic,1,1,1,1,1,1,1,1,1,1,1
3758,2626,Metabolic,1,1,1,1,1,1,1,1,1,1,1
3758,1141,Metabolic,1,1,1,1,1,1,1,1,1,1,1
3758,2983,Metabolic,1,1,1,1,1,1,1,1,1,1,1
3772,3008,Metabolic,1,1,1,1,1,1,1,1,1,1,1
3775,1092,Metabolic,1,1,1,1,1,1,1,1,1,1,1
3776,3776,Metabolic,1,1,1,1,1,1,1,1,1,1,1
3776,3889,Metabolic,1,1,1,1,1,1,1,1,1,1,1
3776,3409,Metabolic,1,1,1,1,1,1,1,1,1,1,1
3785,1686,Metabolic,1,1,1,1,1,1,1,1,1,1,1
3785,17,Metabolic,1,1,1,1,1,1,1,1,1,1,1
3788,2882,Metabolic,1,1,1,1,1,1,1,1,1,1,1
3796,2725,Metabolic,1,1,1,1,1,1,1,1,1,1,1
3800,111,Metabolic,1,1,1,1,1,1,1,1,1,1,1
3800,2212,Metabolic,1,1,1,1,1,1,1,1,1,1,1
3800,3056,Metabolic,1,1,1,1,1,1,1,1,1,1,1
3800,2489,Metabolic,1,1,1,1,1,1,1,1,1,1,1
3800,561,Metabolic,1,1,1,1,1,1,1,1,1,1,1
3800,1686,Metabolic,1,1,1,1,1,1,1,1,1,1,1
3802,1478,Metabolic,1,1,1,1,1,1,1,1,1,1,1
3802,2078,Metabolic,1,1,1,1,1,1,1,1,1,1,1
3802,1538,Metabolic,1,1,1,1,1,1,1,1,1,1,1
3802,1302,Metabolic,1,1,1,1,1,1,1,1,1,1,1
3822,2060,Metabolic,1,1,1,1,1,1,1,1,1,1,1
3822,4070,Metabolic,1,1,1,1,1,1,1,1,1,1,1
3822,2788,Metabolic,1,1,1,1,1,1,1,1,1,1,1
3822,2835,Metabolic,1,1,1,1,1,1,1,1,1,1,1
3845,1734,Metabolic,1,1,1,1,1,1,1,1,1,1,1
3845,1395,Metabolic,1,1,1,1,1,1,1,1,1,1,1
3846,3490,Metabolic,1,1,1,1,1,1,1,1,1,1,1
3846,2034,Metabolic,1,1,1,1,1,1,1,1,1,1,1
3846,2936,Metabolic,1,1,1,1,1,1,1,1,1,1,1
3846,1329,Metabolic,1,1,1,1,1,1,1,1,1,1,1
3846,120,Metabolic,1,1,1,1,1,1,1,1,1,1,1
3866,1200,Metabolic,1,1,1,1,1,1,1,1,1,1,1
3866,2794,Metabolic,1,1,1,1,1,1,1,1,1,1,1
3866,1938,Metabolic,1,1,1,1,1,1,1,1,1,1,1
3869,1994,Metabolic,1,1,1,1,1,1,1,1,1,1,1
3872,1321,Metabolic,1,1,1,1,1,1,1,1,1,1,1
3872,3138,Metabolic,1,1,1,1,1,1,1,1,1,1,1
3878,3704,Metabolic,1,1,1,1,1,1,1,1,1,1,1
3878,1567,Metabolic,1,1,1,1,1,1,1,1,1,1,1
3880,2122,Metabolic,1,1,1,1,1,1,1,1,1,1,1
3880,2770,Metabolic,1,1,1,1,1,1,1,1,1,1,1
3889,3409,Metabolic,1,1,1,1,1,1,1,1,1,1,1
3901,1278,Metabolic,1,1,1,1,1,1,1,1,1,1,1
3901,1135,Metabolic,1,1,1,1,1,1,1,1,1,1,1
3901,979,Metabolic,1,1,1,1,1,1,1,1,1,1,1
3901,2545,Metabolic,1,1,1,1,1,1,1,1,1,1,1
3938,868,Metabolic,1,1,1,1,1,1,1,1,1,1,1
3945,3270,Metabolic,1,1,1,1,1,1,1,1,1,1,1
3945,3445,Metabolic,1,1,1,1,1,1,1,1,1,1,1
3945,986,Metabolic,1,1,1,1,1,1,1,1,1,1,1
3945,1194,Metabolic,1,1,1,1,1,1,1,1,1,1,1
3945,963,Metabolic,1,1,1,1,1,1,1,1,1,1,1
3952,4074,Metabolic,1,1,1,1,1,1,1,1,1,1,1
3956,2972,Metabolic,1,1,1,1,1,1,1,1,1,1,1
3964,1820,Metabolic,1,1,1,1,1,1,1,1,1,1,1
3964,3311,Metabolic,1,1,1,1,1,1,1,1,1,1,1
3964,1712,Metabolic,1,1,1,1,1,1,1,1,1,1,1
3970,2983,Metabolic,1,1,1,1,1,1,1,1,1,1,1
3973,3616,Metabolic,1,1,1,1,1,1,1,1,1,1,1
3973,3577,Metabolic,1,1,1,1,1,1,1,1,1,1,1
3985,1401,Metabolic,1,1,1,1,1,1,1,1,1,1,1
3985,1730,Metabolic,1,1,1,1,1,1,1,1,1,1,1
3985,1777,Metabolic,1,1,1,1,1,1,1,1,1,1,1
3985,948,Metabolic,1,1,1,1,1,1,1,1,1,1,1
3985,2162,Metabolic,1,1,1,1,1,1,1,1,1,1,1
3993,3592,Metabolic,1,1,1,1,1,1,1,1,1,1,1
4029,2141,Metabolic,1,1,1,1,1,1,1,1,1,1,1
4029,4058,Metabolic,1,1,1,1,1,1,1,1,1,1,1
4035,1825,Metabolic,1,1,1,1,1,1,1,1,1,1,1
4035,1728,Metabolic,1,1,1,1,1,1,1,1,1,1,1
4035,876,Metabolic,1,1,1,1,1,1,1,1,1,1,1
4035,389,Metabolic,1,1,1,1,1,1,1,1,1,1,1
4035,189,Metabolic,1,1,1,1,1,1,1,1,1,1,1
4039,3144,Metabolic,1,1,1,1,1,1,1,1,1,1,1
4058,2141,Metabolic,1,1,1,1,1,1,1,1,1,1,1
4070,2060,Metabolic,1,1,1,1,1,1,1,1,1,1,1
4070,2788,Metabolic,1,1,1,1,1,1,1,1,1,1,1
4070,2835,Metabolic,1,1,1,1,1,1,1,1,1,1,1
4070,1010,Metabolic,1,1,1,1,1,1,1,1,1,1,1
4074,2426,Metabolic,1,1,1,1,1,1,1,1,1,1,1
4099,858,Metabolic,1,1,1,1,1,1,1,1,1,1,1
4099,3425,Metabolic,1,1,1,1,1,1,1,1,1,1,1
4103,1501,Metabolic,1,1,1,1,1,1,1,1,1,1,1
4103,41,Metabolic,1,1,1,1,1,1,1,1,1,1,1
4117,3186,Metabolic,1,1,1,1,1,1,1,1,1,1,1
4124,1305,Metabolic,1,1,1,1,1,1,1,1,1,1,1
4124,3204,Metabolic,1,1,1,1,1,1,1,1,1,1,1
4124,234,Metabolic,1,1,1,1,1,1,1,1,1,1,1
4124,643,Metabolic,1,1,1,1,1,1,1,1,1,1,1
4146,3204,Metabolic,1,1,1,1,1,1,1,1,1,1,1
4146,234,Metabolic,1,1,1,1,1,1,1,1,1,1,1
4146,643,Metabolic,1,1,1,1,1,1,1,1,1,1,1
4148,2101,Metabolic,1,1,1,1,1,1,1,1,1,1,1
4151,1209,Metabolic,1,1,1,1,1,1,1,1,1,1,1
4151,2946,Metabolic,1,1,1,1,1,1,1,1,1,1,1
4167,3699,Metabolic,1,1,1,1,1,1,1,1,1,1,1
4167,2101,Metabolic,1,1,1,1,1,1,1,1,1,1,1
4168,383,Metabolic,1,1,1,1,1,1,1,1,1,1,1
4168,2791,Metabolic,1,1,1,1,1,1,1,1,1,1,1
4239,1765,Metabolic,1,1,1,1,1,1,1,1,1,1,1
4241,1198,Metabolic,1,1,1,1,1,1,1,1,1,1,1
4241,2511,Metabolic,1,1,1,1,1,1,1,1,1,1,1
4304,3090,Metabolic,1,1,1,1,1,1,1,1,1,1,1
4304,4417,Metabolic,1,1,1,1,1,1,1,1,1,1,1
4417,1314,Metabolic,1,1,1,1,1,1,1,1,1,1,1
